subject	roi	sigma_AF	g_HP	g_LP	sigma_dyn	g_HP_dyn	g_LP_dyn	g_T_dyn	sigma_T_dyn	g_HP_pos0	g_HP_pos1	g_HP_pos2	g_LP_pos0	g_LP_pos1	g_LP_pos2
1	LO	3.271913528442383	0.0	0.0	7.828462600708008	-0.532072126865387	0.16932006180286407	1.3465083837509155	7.828462600708008	0.09776578098535538	0.26226839423179626	-0.1624399721622467	0.5416929721832275	0.3167574405670166	0.43530404567718506
1	TO	7.82798957824707	0.0	0.0	7.355531692504883	-1.2754957675933838	-0.3914998173713684	5.01671028137207	7.355531692504883	-2.052837610244751	-0.38232165575027466	-0.06733661144971848	1.0689780712127686	0.43429017066955566	0.36649665236473083
1	V1	7.02905797958374	0.0	0.0	7.030093193054199	-0.35185152292251587	-0.18359777331352234	0.5654585957527161	7.030093193054199	0.39213109016418457	-0.031724411994218826	0.5563826560974121	0.14779797196388245	0.2592349350452423	0.05949631705880165
1	V2	7.6091389656066895	0.0	0.0	9.7783203125	0.018335342407226562	-0.19399216771125793	0.36458054184913635	9.7783203125	-0.1247524544596672	-0.1795741319656372	1.0679978132247925	0.45289069414138794	0.44534409046173096	0.05675632134079933
1	V3AB	7.666449069976807	0.0	0.0	6.959619998931885	-1.0922712087631226	-0.30051177740097046	3.5932576656341553	6.959619998931885	0.5596449375152588	0.744499146938324	-0.12586811184883118	0.09361737966537476	-0.02101399004459381	0.1942281723022461
1	V3	1.8244571685791016	0.0	0.0	10.8169527053833	-0.056202955543994904	0.056944381445646286	0.3171337842941284	10.8169527053833	0.6471046805381775	0.6508047580718994	0.20004983246326447	0.7250902652740479	0.5061182379722595	0.5883148312568665
1	VO	3.7609972953796387	0.0	0.0	13.190524101257324	-1.7493699789047241	-0.15880538523197174	6.069796562194824	13.190524101257324	-0.6160192489624023	-0.4383656680583954	-0.2100997269153595	-0.3296370506286621	-0.46495598554611206	-0.468989759683609
1	hV4	9.45661449432373	0.0	0.0	1.6062207221984863	-2.6525607109069824	1.0040918588638306	3.1240525245666504	1.6062207221984863	1.092705249786377	1.1405162811279297	1.1667218208312988	0.48936590552330017	0.34579411149024963	0.37900567054748535
2	LO	4.6685614585876465	0.0	0.0	6.217522144317627	-0.34113678336143494	-1.2951979637145996	4.161413192749023	6.217522144317627	1.1203886270523071	0.15550751984119415	1.0226657390594482	0.5727790594100952	0.8721917867660522	0.5273205041885376
2	TO	7.541658878326416	0.0	0.0	11.414459228515625	-1.311893343925476	-1.88692045211792	5.2765727043151855	11.414459228515625	1.2271815538406372	-1.5734996795654297	0.14983680844306946	-0.3292408883571625	0.6558255553245544	0.09825250506401062
2	V1	3.1196980476379395	0.0	0.0	13.344757080078125	-0.13122262060642242	-0.25155627727508545	0.4811769723892212	13.344757080078125	0.18253500759601593	-0.21184273064136505	0.2978023588657379	0.14227376878261566	0.23408930003643036	0.01580801233649254
2	V2	6.360324382781982	0.0	0.0	11.734111785888672	-0.13423193991184235	-0.21570730209350586	0.5611595511436462	11.734111785888672	-0.20363028347492218	-0.3098367154598236	0.25053903460502625	0.14522182941436768	0.15556150674819946	-0.06410618126392365
2	V3AB	3.984227180480957	0.0	0.0	10.11318588256836	-1.0706216096878052	-1.3842277526855469	5.215878963470459	10.11318588256836	0.06477254629135132	-0.527873158454895	-0.18198367953300476	-0.28404441475868225	-0.13254331052303314	-0.2549985647201538
2	V3	3.230409622192383	0.0	0.0	7.525877952575684	-0.06649290770292282	-0.23321422934532166	0.7149742245674133	7.525877952575684	-0.0284059289842844	-0.1853007823228836	0.06279729306697845	0.11673498153686523	0.17231959104537964	0.07475981116294861
2	VO	2.357473611831665	0.0	0.0	12.810074806213379	-0.735982358455658	-1.1976494789123535	5.446934700012207	12.810074806213379	-0.2438586950302124	-0.9741378426551819	0.16000312566757202	-0.5318217277526855	-0.3545425236225128	-0.47578585147857666
2	hV4	6.557172775268555	0.0	0.0	3.3111684322357178	4.2867655754089355	2.3187994956970215	4.248513698577881	3.3111684322357178	-0.43853312730789185	-1.5068796873092651	1.0123157501220703	1.4824172258377075	1.9820444583892822	1.3740042448043823
3	LO	2.4448978900909424	0.0	0.0	12.085956573486328	-0.1266438215970993	-0.1947951763868332	-0.2527387738227844	12.085956573486328	0.037018660455942154	0.5382689237594604	0.07300672680139542	0.07420972734689713	0.03346941992640495	0.17269596457481384
3	TO	4.0477118492126465	0.0	0.0	2.9097025394439697	-2.7794697284698486	-0.709525465965271	2.8096566200256348	2.9097025394439697	1.0004738569259644	1.8038772344589233	0.4891950786113739	0.6544404029846191	0.6318723559379578	1.0632432699203491
3	V1	7.570461750030518	0.0	0.0	3.147765874862671	0.4928153157234192	0.26034384965896606	-0.19449850916862488	3.147765874862671	0.3189213275909424	-0.2661386728286743	-0.09215381741523743	0.017941536381840706	0.23684468865394592	0.1871732473373413
3	V2	2.591055393218994	0.0	0.0	7.332860946655273	0.012037250213325024	-0.26949408650398254	-0.23739153146743774	7.332860946655273	0.12859053909778595	0.1911386102437973	0.13262468576431274	0.21189533174037933	0.2893444299697876	0.26581844687461853
3	V3AB	4.090916156768799	0.0	0.0	4.957612037658691	-0.46042314171791077	-0.11674963682889938	2.7878854274749756	4.957612037658691	0.43781423568725586	0.25718799233436584	0.03751981630921364	0.08273820579051971	0.17322362959384918	0.305335134267807
3	V3	7.104658126831055	0.0	0.0	5.89847993850708	-0.1602732390165329	-0.24426214396953583	-0.20714211463928223	5.89847993850708	0.08584776520729065	-0.008791697211563587	-0.010797660797834396	0.008923862129449844	0.08306894451379776	0.05402587726712227
3	VO	1.123298168182373	0.0	0.0	6.240348815917969	-0.8773683905601501	-0.05666590481996536	4.4220757484436035	6.240348815917969	-2.888984203338623	-1.5895650386810303	-3.795095682144165	-2.0270493030548096	-3.8036563396453857	-3.3099308013916016
3	hV4	4.436010837554932	0.0	0.0	12.109819412231445	0.012686332687735558	-0.0034737330861389637	1.0916798114776611	12.109819412231445	0.07037841528654099	-0.2243712991476059	-0.3624900281429291	-0.06556616723537445	0.03615299239754677	0.10190268605947495
4	LO	3.163829803466797	0.0	0.0	14.555564880371094	0.1983780562877655	-0.044142838567495346	-0.08178918808698654	14.555564880371094	-0.01795167662203312	-0.02483132667839527	-0.34297260642051697	0.07490985840559006	0.09503006935119629	0.15445192158222198
4	TO	4.234121322631836	0.0	0.0	4.23018741607666	1.1076644659042358	-1.5937458276748657	3.801619052886963	4.23018741607666	0.13457518815994263	1.3742893934249878	0.9223374128341675	1.082601547241211	0.8994989991188049	0.5592190623283386
4	V1	8.88172721862793	0.0	0.0	11.09744930267334	0.0007721718866378069	-0.18600226938724518	-0.39096418023109436	11.09744930267334	-0.07630784809589386	0.11046355962753296	-0.1285344809293747	0.12469345331192017	0.08176416158676147	0.1490836888551712
4	V2	6.470559597015381	0.0	0.0	11.202644348144531	0.12898415327072144	0.08860732614994049	-0.5238271951675415	11.202644348144531	0.06082819774746895	0.10983119904994965	-0.13694287836551666	0.055009081959724426	0.06694145500659943	0.13542132079601288
4	V3AB	4.43980073928833	0.0	0.0	3.633504867553711	0.2506072223186493	-0.0495854914188385	0.9134548902511597	3.633504867553711	-0.0704842135310173	-0.01928470842540264	-0.3291335999965668	0.012708047404885292	0.012317884713411331	0.05702903866767883
4	V3	6.905703544616699	0.0	0.0	12.45781135559082	0.08962585031986237	-0.17510370910167694	-0.25844696164131165	12.45781135559082	-0.046750508248806	-0.09295471757650375	-0.23115216195583344	0.0728888064622879	0.1036422848701477	0.13294866681098938
4	VO	1.605352520942688	0.0	0.0	6.84103536605835	1.0039863586425781	1.2690385580062866	4.521513938903809	6.84103536605835	-0.9130293726921082	-1.7893880605697632	-1.9343324899673462	-2.6710245609283447	-2.510559558868408	-3.73403000831604
4	hV4	3.7637481689453125	0.0	0.0	1.7644352912902832	1.0853921175003052	1.3662034273147583	2.299011707305908	1.7644352912902832	0.03169116750359535	0.2566157877445221	-0.05910767242312431	0.10366656631231308	0.0743299275636673	0.15303358435630798
5	LO	2.1117653846740723	0.0	0.0	5.484184265136719	0.5159051418304443	0.24892058968544006	-0.5100497007369995	5.484184265136719	-0.21105891466140747	-0.02431335113942623	0.35808393359184265	0.1956019252538681	0.2917351722717285	0.20208629965782166
5	TO	6.731790542602539	0.0	0.0	5.4354448318481445	-2.5812106132507324	-2.2600512504577637	3.670186996459961	5.4354448318481445	0.6761547923088074	0.12401393055915833	0.4915229082107544	1.2237780094146729	1.8084070682525635	1.3865758180618286
5	V1	1.6117186546325684	0.0	0.0	10.790194511413574	0.46816328167915344	0.09229277819395065	-0.41504737734794617	10.790194511413574	1.7716107368469238	1.3744360208511353	1.9055724143981934	1.930529236793518	1.8002630472183228	1.9484357833862305
5	V2	13.984719276428223	0.0	0.0	9.563881874084473	0.425948828458786	-0.1907101720571518	-0.32900741696357727	9.563881874084473	0.3982142508029938	0.24541215598583221	0.170427143573761	0.2019987255334854	0.2459290474653244	0.29264506697654724
5	V3AB	8.79244613647461	0.0	0.0	6.749794006347656	0.4346463084220886	0.07383878529071808	6.137892723083496	6.749794006347656	1.1871309280395508	-1.3368480205535889	-1.2170615196228027	-0.22631901502609253	0.6415095329284668	0.5943155884742737
5	V3	1.7216531038284302	0.0	0.0	6.787795066833496	0.2775099575519562	0.08785208314657211	-0.30981147289276123	6.787795066833496	0.07254218310117722	-0.2200765311717987	-0.019695306196808815	0.21212540566921234	0.3518988788127899	0.30102550983428955
5	VO	3.5085277557373047	0.0	0.0	8.176640510559082	0.08935064822435379	0.28215956687927246	5.725507736206055	8.176640510559082	-0.5382555723190308	-0.6645288467407227	-0.5170145034790039	-0.4527283012866974	-0.39767172932624817	-0.500352680683136
5	hV4	4.2740936279296875	0.0	0.0	2.9354934692382812	0.6017362475395203	1.1696844100952148	0.9522489309310913	2.9354934692382812	0.0327032245695591	0.04959356039762497	0.0823143944144249	0.347503662109375	0.3567081093788147	0.3350861668586731
6	LO	4.330473899841309	0.0	0.0	3.933717966079712	-0.7845077514648438	-0.9169934391975403	0.6691103577613831	3.933717966079712	-0.15412119030952454	0.35900652408599854	0.3729588985443115	0.16043351590633392	-0.07827391475439072	-0.09458959847688675
6	TO	4.652980327606201	0.0	0.0	2.970155715942383	-1.326775074005127	-2.9184083938598633	5.601479530334473	2.970155715942383	1.4662799835205078	-0.07275496423244476	-0.1288718432188034	0.3297751843929291	0.7979040145874023	0.7417430877685547
6	V1	2.278083086013794	0.0	0.0	12.433540344238281	-0.03662002459168434	-0.014453709125518799	-0.18270310759544373	12.433540344238281	0.44868746399879456	0.39135995507240295	0.1849280595779419	0.07467839866876602	0.1058468297123909	0.14742092788219452
6	V2	5.1941962242126465	0.0	0.0	12.42586898803711	0.07475759088993073	0.07167639583349228	-0.5687689185142517	12.42586898803711	0.17764721810817719	-0.048927437514066696	-0.04439247027039528	0.0904526337981224	0.1846991777420044	0.1358823925256729
6	V3AB	4.480119228363037	0.0	0.0	11.828910827636719	0.3884652256965637	-0.35261544585227966	5.114013195037842	11.828910827636719	0.5990787148475647	-0.4196919798851013	-0.433206707239151	-0.7737350463867188	-0.2703642249107361	-0.39314135909080505
6	V3	5.8209404945373535	0.0	0.0	2.546865463256836	-1.03091561794281	-0.7256863117218018	0.2978854477405548	2.546865463256836	0.44107958674430847	0.33068856596946716	0.3942672908306122	-0.04456648230552673	-0.008552896790206432	-0.07315977662801743
6	VO	3.424941301345825	0.0	0.0	12.434773445129395	0.29343128204345703	-0.3206442892551422	6.139418601989746	12.434773445129395	-0.40202170610427856	-0.6593170762062073	-0.5676835775375366	-0.5592739582061768	-0.4278586208820343	-0.537462592124939
6	hV4	3.9433844089508057	0.0	0.0	6.782400608062744	0.1472211480140686	0.42969653010368347	0.20592322945594788	6.782400608062744	0.6051831841468811	0.2562226355075836	0.009772434830665588	-0.16415999829769135	-0.10900406539440155	-0.10929166525602341
7	LO	1.2909351587295532	0.0	0.0	1.1703392267227173	-6.15780782699585	2.6726198196411133	3.6897828578948975	1.1703392267227173	1.1630809307098389	4.941454887390137	1.81575608253479	-0.9636794328689575	-0.9267368316650391	-0.9874364137649536
7	TO	3.826486110687256	0.0	0.0	5.1425323486328125	-0.8389508724212646	-1.3856204748153687	1.7245488166809082	5.1425323486328125	0.08100511133670807	0.7348581552505493	2.4641616344451904	0.268484503030777	0.1715800166130066	0.09367404878139496
7	V1	4.638828754425049	0.0	0.0	13.684943199157715	-0.2955363690853119	-0.3486344516277313	0.31857138872146606	13.684943199157715	0.2205900400876999	0.19619528949260712	0.49842172861099243	0.1085750162601471	0.1266411542892456	0.017788592725992203
7	V2	3.0026979446411133	0.0	0.0	6.539481163024902	1.3356796503067017	-0.9275119304656982	0.09898803383111954	6.539481163024902	0.11950799822807312	-0.6009085178375244	-0.8043175339698792	0.519363284111023	-0.12994159758090973	0.22802764177322388
7	V3AB	1.1046028137207031	0.0	0.0	9.704229354858398	-0.4674963057041168	-0.45790189504623413	1.6335707902908325	9.704229354858398	-0.2512233257293701	-1.4250121116638184	-0.3079703450202942	-0.9963551163673401	-1.3685940504074097	-1.3584517240524292
7	V3	4.297200679779053	0.0	0.0	11.693631172180176	-0.5321667790412903	-0.39687320590019226	0.5939026474952698	11.693631172180176	-0.3616945743560791	0.5879734754562378	-0.27921855449676514	0.16926832497119904	-0.08258933573961258	0.1102292537689209
7	VO	4.358044624328613	0.0	0.0	7.217109203338623	0.9572087526321411	1.3775302171707153	1.8081644773483276	7.217109203338623	-0.3368195593357086	-0.678754448890686	-0.30479180812835693	-0.22188915312290192	-0.15436886250972748	-0.22165518999099731
7	hV4	4.268523693084717	0.0	0.0	1.7873592376708984	1.110621690750122	-3.842054843902588	1.0383663177490234	1.7873592376708984	-0.7322559356689453	-11.26623249053955	-0.6218231916427612	-0.22298134863376617	3.683677911758423	-0.27347007393836975
8	LO	3.821934461593628	0.0	0.0	2.3114914894104004	-0.2981956899166107	1.4349900484085083	1.0427159070968628	2.3114914894104004	0.26550570130348206	-0.09431599825620651	0.3617473840713501	0.00355405081063509	0.1426791250705719	-0.07015810161828995
8	TO	4.822268486022949	0.0	0.0	2.6577506065368652	-0.05195632204413414	1.4788419008255005	1.4930193424224854	2.6577506065368652	0.22357411682605743	0.6954461932182312	1.0592249631881714	0.053516287356615067	-0.05807425081729889	-0.3260839879512787
8	V1	9.811118125915527	0.0	0.0	6.1576104164123535	-0.6629000902175903	0.2901816964149475	-0.4936719238758087	6.1576104164123535	-0.20781554281711578	1.10260009765625	0.9673239588737488	0.7741084098815918	0.3595587909221649	0.3560824990272522
8	V2	2.6299073696136475	0.0	0.0	12.156164169311523	-0.15685339272022247	0.41289830207824707	-0.8883119225502014	12.156164169311523	0.7778986692428589	0.5278922319412231	0.975772500038147	1.0600860118865967	1.1705665588378906	0.9919331669807434
8	V3AB	4.765233993530273	0.0	0.0	7.630941867828369	-0.20942875742912292	0.775557279586792	4.985194206237793	7.630941867828369	-0.1027030423283577	0.12037522345781326	0.13898247480392456	-0.020011959597468376	0.030272940173745155	-0.10316900163888931
8	V3	1.9887079000473022	0.0	0.0	12.146585464477539	-0.09900927543640137	0.16564036905765533	-0.41995611786842346	12.146585464477539	0.20942546427249908	0.3361423909664154	0.5388627052307129	0.40187349915504456	0.5081986784934998	0.2872306704521179
8	VO	3.6691744327545166	0.0	0.0	9.152230262756348	-0.34716325998306274	-0.4437848925590515	5.704117298126221	9.152230262756348	-0.681186318397522	-0.49826207756996155	-0.6478403806686401	-0.3416374623775482	-0.21634642779827118	-0.36771002411842346
8	hV4	2.253005266189575	0.0	0.0	7.129213809967041	-0.661432147026062	-0.5552387833595276	0.6582468748092651	7.129213809967041	1.0408692359924316	1.430354356765747	1.6432387828826904	1.4045560359954834	1.5614356994628906	1.2206370830535889
9	LO	4.511539459228516	0.0	0.0	2.438042402267456	-0.3137732744216919	-0.9142481684684753	0.14583706855773926	2.438042402267456	-0.09735267609357834	0.012065968476235867	0.12807658314704895	0.06887128949165344	-0.015553958714008331	-0.0004092809685971588
9	TO	3.895974636077881	0.0	0.0	5.226806640625	-0.800894558429718	-1.3001586198806763	0.24907977879047394	5.226806640625	0.14166826009750366	-0.05042196437716484	0.43648722767829895	0.19647632539272308	0.21414971351623535	0.21948371827602386
9	V1	8.246811866760254	0.0	0.0	11.640480041503906	0.08156123757362366	-0.6787132620811462	0.3559443950653076	11.640480041503906	0.7310421466827393	0.47789275646209717	0.6456435322761536	0.011980419978499413	0.08205027133226395	0.08238810300827026
9	V2	3.617602825164795	0.0	0.0	3.820028066635132	-0.046776268631219864	-0.4670742154121399	-0.145412877202034	3.820028066635132	0.07897133380174637	-0.020220831036567688	0.2617664039134979	0.08357054740190506	0.09636342525482178	0.07230005413293839
9	V3AB	5.735651969909668	0.0	0.0	9.559782981872559	-0.02596169523894787	-0.014536581933498383	1.981153964996338	9.559782981872559	0.15729767084121704	1.4980279207229614	0.3121335804462433	0.20840638875961304	-0.3035292327404022	0.2525469660758972
9	V3	4.915736675262451	0.0	0.0	4.144639492034912	0.016156332567334175	-0.38036730885505676	-0.2028021663427353	4.144639492034912	-0.08453506231307983	0.14817163348197937	0.14092685282230377	0.05695081502199173	-0.04905493184924126	0.007456784136593342
9	VO	4.281496047973633	0.0	0.0	2.016801118850708	-3.234908103942871	-1.2882521152496338	4.085346221923828	2.016801118850708	1.5337623357772827	1.3669880628585815	1.7502939701080322	0.14822928607463837	0.27300578355789185	0.19696035981178284
9	hV4	4.267503261566162	0.0	0.0	2.5510592460632324	-1.0019243955612183	-2.2774109840393066	0.2892591655254364	2.5510592460632324	0.870516300201416	0.17627336084842682	0.7508819103240967	0.28240013122558594	0.48473361134529114	0.3861862123012543
10	LO	3.9736533164978027	0.0	0.0	6.961281776428223	-0.5401216149330139	-0.5184390544891357	0.577791690826416	6.961281776428223	0.11804655194282532	0.2169455587863922	-0.1588112711906433	-0.02463342435657978	-0.02076602727174759	0.11937190592288971
10	TO	3.508057117462158	0.0	0.0	8.744446754455566	-2.0584661960601807	-1.1598235368728638	1.8913114070892334	8.744446754455566	1.1246862411499023	-0.056686367839574814	0.1972656399011612	0.3265317380428314	0.802383542060852	0.8825557827949524
10	V1	3.144587993621826	0.0	0.0	8.931671142578125	0.06543278694152832	-0.07481930404901505	-0.04780958965420723	8.931671142578125	0.16485534608364105	0.22662124037742615	0.17223377525806427	0.1733180731534958	0.1539742797613144	0.1756971776485443
10	V2	7.6119561195373535	0.0	0.0	12.287923812866211	-0.21217909455299377	-0.22235432267189026	0.17356449365615845	12.287923812866211	-0.27387043833732605	0.09968997538089752	-0.3886115252971649	0.17534558475017548	0.06458685547113419	0.24331483244895935
10	V3AB	1.4895826578140259	0.0	0.0	11.858367919921875	-0.5268338322639465	0.025980183854699135	5.1361823081970215	11.858367919921875	-1.9744964838027954	-5.442258834838867	-3.742990255355835	-3.8894550800323486	-2.987179756164551	-2.291717767715454
10	V3	7.901190280914307	0.0	0.0	11.43974781036377	0.05783642828464508	-0.07576510310173035	-0.3561854660511017	11.43974781036377	-0.7188665270805359	-1.0660399198532104	-0.4564145505428314	0.3184654116630554	0.43647095561027527	0.27570852637290955
10	VO	3.4017887115478516	0.0	0.0	14.02331256866455	-0.4494186341762543	-0.11147598177194595	4.524837493896484	14.02331256866455	-0.40278053283691406	-0.5453632473945618	-1.4467321634292603	-0.5853899717330933	-0.5480979084968567	-0.4008381962776184
10	hV4	1.2257401943206787	0.0	0.0	10.06310749053955	-0.11934312433004379	0.035686202347278595	0.9898737072944641	10.06310749053955	-0.5256138443946838	-1.0871367454528809	-1.2037338018417358	-0.9783919453620911	-0.7964766025543213	-0.3570120930671692
11	LO	5.232201099395752	0.0	0.0	12.129351615905762	-0.2817332148551941	0.015736360102891922	-0.25901487469673157	12.129351615905762	-0.6926524043083191	-0.10622992366552353	-0.013466035015881062	0.3394065499305725	0.1588422656059265	0.08785849064588547
11	TO	5.07627010345459	0.0	0.0	2.5557377338409424	-2.8764617443084717	-2.886190891265869	1.402937889099121	2.5557377338409424	-0.2012294977903366	-0.43648195266723633	0.7737303972244263	0.33234912157058716	0.3740260601043701	-0.14622250199317932
11	V1	4.299973964691162	0.0	0.0	12.835030555725098	-0.25940757989883423	-0.04279688000679016	-0.1712634563446045	12.835030555725098	-0.01395199541002512	-0.08552417159080505	0.06534233689308167	0.11765269190073013	0.18390697240829468	0.11595048010349274
11	V2	3.3930740356445312	0.0	0.0	12.625894546508789	-0.11090413480997086	-0.17073281109333038	-0.15476471185684204	12.625894546508789	0.10347595065832138	0.16924647986888885	0.10469498485326767	0.11771481484174728	0.10744000971317291	0.08847956359386444
11	V3AB	3.7398147583007812	0.0	0.0	2.2410292625427246	-2.587327480316162	-1.4360847473144531	2.706752061843872	2.2410292625427246	0.2248748540878296	0.36989066004753113	0.5195897221565247	0.3574352562427521	0.2365390658378601	0.08659005165100098
11	V3	4.0144147872924805	0.0	0.0	3.214749813079834	-0.27413660287857056	-0.23599816858768463	0.225591242313385	3.214749813079834	-0.16937541961669922	0.1506670117378235	-0.32482630014419556	0.12362929433584213	0.048388250172138214	0.1488727182149887
11	VO	3.5606281757354736	0.0	0.0	3.8899190425872803	-2.0258285999298096	-1.6120188236236572	3.2803118228912354	3.8899190425872803	-0.2607840597629547	-0.040210507810115814	-0.212289497256279	0.13666246831417084	0.04269569739699364	-0.013324391096830368
11	hV4	2.3176429271698	0.0	0.0	2.2888967990875244	-1.4148168563842773	-0.7156254053115845	0.80352783203125	2.2888967990875244	0.06373971700668335	0.5359772443771362	0.20269452035427094	0.1017606183886528	0.005323256831616163	0.06656996160745621
12	LO	5.584954738616943	0.0	0.0	1.967665433883667	0.2922320067882538	-0.22941471636295319	0.6559797525405884	1.967665433883667	0.1857631504535675	-0.41302719712257385	0.7006099820137024	-0.0013196939835324883	0.20354527235031128	-0.1338222175836563
12	TO	4.867893218994141	0.0	0.0	3.795701503753662	1.6642370223999023	0.0656411200761795	5.424316883087158	3.795701503753662	1.2255839109420776	0.9536510705947876	0.960432767868042	0.7149164080619812	1.0504209995269775	0.9260817170143127
12	V1	3.637395143508911	0.0	0.0	2.570620536804199	0.6860507130622864	-0.3360954821109772	-0.15225915610790253	2.570620536804199	0.5544226169586182	0.17481820285320282	0.2864384353160858	0.0639362782239914	0.17387747764587402	0.20784878730773926
12	V2	2.937723159790039	0.0	0.0	2.0328800678253174	-0.5839590430259705	1.38397216796875	0.46094852685928345	2.0328800678253174	0.2450549453496933	0.21530428528785706	1.846253752708435	0.18859831988811493	0.20783191919326782	0.015263809822499752
12	V3AB	8.459061622619629	0.0	0.0	3.544935941696167	0.31029054522514343	0.32666993141174316	2.1980361938476562	3.544935941696167	0.4291830062866211	-0.26455798745155334	0.5717179775238037	0.019841555505990982	0.29938751459121704	0.02381661906838417
12	V3	2.359241485595703	0.0	0.0	11.689245223999023	0.29826122522354126	0.1705026477575302	-0.28220728039741516	11.689245223999023	0.22604528069496155	0.20268619060516357	0.6126558184623718	0.15244080126285553	0.1877453476190567	0.19004224240779877
12	VO	3.033967971801758	0.0	0.0	9.01555347442627	0.33531609177589417	0.44804373383522034	5.047302722930908	9.01555347442627	-1.339796781539917	-0.3641968369483948	-0.6419620513916016	-0.5381803512573242	-0.6222216486930847	-0.619537889957428
12	hV4	4.378615379333496	0.0	0.0	14.293244361877441	0.25788769125938416	0.14094066619873047	-0.294253945350647	14.293244361877441	0.031638823449611664	0.06267394870519638	0.3387947678565979	0.04059348255395889	0.04931095987558365	0.002040315419435501
13	LO	7.963940143585205	0.0	0.0	12.044811248779297	0.2281619757413864	0.21096692979335785	-0.32827597856521606	12.044811248779297	0.5887221097946167	-0.4264357089996338	0.5404000282287598	-0.14632223546504974	0.21496956050395966	-0.11466693878173828
13	TO	4.362417221069336	0.0	0.0	5.762741565704346	-0.12343834340572357	0.40218448638916016	0.12701763212680817	5.762741565704346	-0.1688803881406784	0.40534329414367676	0.08572591841220856	0.5382225513458252	0.49561330676078796	0.6894389986991882
13	V1	8.79938793182373	0.0	0.0	12.672309875488281	0.02254212275147438	-0.2260304093360901	0.43709295988082886	12.672309875488281	-0.2940357029438019	0.43508026003837585	0.11317888647317886	0.4067564904689789	0.17612753808498383	0.23462796211242676
13	V2	9.510435104370117	0.0	0.0	1.1489133834838867	-2.8871710300445557	-2.56547212600708	-0.17924688756465912	1.1489133834838867	-0.552074134349823	0.2538362145423889	0.2520739436149597	0.5093498229980469	0.29411157965660095	0.24350415170192719
13	V3AB	4.39445686340332	0.0	0.0	3.05764102935791	-0.25634250044822693	-0.7500734329223633	1.7656464576721191	3.05764102935791	0.3688666522502899	0.3674635887145996	0.4072393476963043	0.5597904324531555	0.6610849499702454	0.7053290009498596
13	V3	7.266937255859375	0.0	0.0	11.141885757446289	0.3356226682662964	0.10143652558326721	-0.37507179379463196	11.141885757446289	-0.25770583748817444	-0.02406301721930504	0.106756791472435	0.140191450715065	0.08597797900438309	0.019542643800377846
13	VO	4.642356872558594	0.0	0.0	13.958130836486816	-0.008661642670631409	-0.2050168514251709	5.475347995758057	13.958130836486816	-2.0416691303253174	-0.8675142526626587	-0.7737604379653931	0.007526297587901354	-0.13592346012592316	-0.1977914720773697
13	hV4	2.9986720085144043	0.0	0.0	2.2991952896118164	-0.88065105676651	-0.5079697966575623	-0.03787102922797203	2.2991952896118164	0.10244882106781006	0.31925782561302185	0.2590847611427307	0.08529850095510483	0.15530073642730713	0.10884539783000946
14	LO	3.058650016784668	0.0	0.0	12.51844310760498	-0.08374195545911789	0.0743812546133995	-0.6084974408149719	12.51844310760498	-0.5437971949577332	-0.1306215077638626	0.07065057009458542	0.4518437087535858	0.34293878078460693	0.30917465686798096
14	TO	6.142518520355225	0.0	0.0	3.8779237270355225	-1.0831323862075806	-1.531663417816162	4.709148406982422	3.8779237270355225	1.0920021533966064	1.4826397895812988	-0.12505021691322327	0.2729314863681793	0.548541247844696	0.786231517791748
14	V1	8.363031387329102	0.0	0.0	7.420847415924072	0.0940149575471878	-0.16735202074050903	-0.8519133925437927	7.420847415924072	-0.2563770115375519	1.266270637512207	0.5129795074462891	0.41635411977767944	-0.0597967691719532	0.2058812975883484
14	V2	7.292828559875488	0.0	0.0	9.440540313720703	0.004395238123834133	-0.2314869910478592	-0.7197515964508057	9.440540313720703	-0.05878109857439995	1.2211451530456543	-0.5040944218635559	0.3056492209434509	-0.10580442100763321	0.4638097584247589
14	V3AB	5.748555660247803	0.0	0.0	1.9504181146621704	-2.1778059005737305	-1.8775041103363037	9.878384590148926	1.9504181146621704	0.005855678115040064	2.278965473175049	2.6088898181915283	1.6981174945831299	1.0043010711669922	0.8788477778434753
14	V3	3.7940165996551514	0.0	0.0	8.849920272827148	-0.3084353804588318	-0.2907615005970001	-0.7246443629264832	8.849920272827148	-0.1702510416507721	0.29137831926345825	0.432291716337204	0.4310673177242279	0.3352387547492981	0.29796770215034485
14	VO	3.853828191757202	0.0	0.0	6.901021957397461	0.4200773239135742	-0.16304956376552582	5.881770133972168	6.901021957397461	-1.7982525825500488	-0.471212774515152	-5.46008825302124	-0.12478826195001602	-0.4711024761199951	0.39256635308265686
14	hV4	12.601961135864258	0.0	0.0	1.3799567222595215	0.9644694924354553	0.628491222858429	6.83600378036499	1.3799567222595215	-0.0826817974448204	0.28264909982681274	-0.8080912232398987	0.13460928201675415	0.007182376924902201	0.35569775104522705
15	LO	2.832368850708008	0.0	0.0	2.811630964279175	-0.33130496740341187	-0.061372410506010056	0.8763338327407837	2.811630964279175	0.3515131175518036	0.12667249143123627	-0.1723097860813141	-0.16103427112102509	-0.10667312145233154	0.15921495854854584
15	TO	1.080965518951416	0.0	0.0	8.268218040466309	-0.31674742698669434	-0.15873508155345917	2.8255417346954346	8.268218040466309	-4.615429878234863	-3.4540953636169434	-3.467417001724243	-3.2042243480682373	-3.031682252883911	-2.313136339187622
15	V1	5.1170125007629395	0.0	0.0	6.180300235748291	0.25046536326408386	0.1615011841058731	-0.487907350063324	6.180300235748291	0.13343770802021027	0.36435654759407043	0.18777620792388916	0.09707490354776382	0.015077102929353714	0.09077724069356918
15	V2	2.626664638519287	0.0	0.0	12.310449600219727	-0.08721271902322769	0.011758104898035526	-0.18678580224514008	12.310449600219727	-0.031636808067560196	-0.14226964116096497	0.22869272530078888	0.21542979776859283	0.23191148042678833	0.24271219968795776
15	V3AB	8.508569717407227	0.0	0.0	7.777719497680664	0.5090062618255615	1.0757232904434204	4.865694522857666	7.777719497680664	-0.7218387722969055	-1.5922826528549194	0.11076254397630692	0.03793647140264511	0.3202769458293915	-0.1894620954990387
15	V3	4.639692783355713	0.0	0.0	1.1737679243087769	0.2820471525192261	-0.017091941088438034	2.6627213954925537	1.1737679243087769	-0.1495107114315033	-0.07238375395536423	0.13588972389698029	0.1068405881524086	0.0806189626455307	0.07563873380422592
15	VO	1.566754698753357	0.0	0.0	9.567204475402832	0.05897217243909836	0.47311094403266907	5.5262651443481445	9.567204475402832	-4.283828258514404	-4.472341060638428	-1.9685966968536377	-1.9531152248382568	-2.0684897899627686	-1.8960559368133545
15	hV4	1.0340276956558228	0.0	0.0	8.41712474822998	-0.013003728352487087	0.2611912190914154	3.2999379634857178	8.41712474822998	-3.7896149158477783	-3.6632518768310547	-3.575268030166626	-2.965714454650879	-2.707991361618042	-2.7983312606811523
16	LO	6.945898056030273	0.0	0.0	1.4809116125106812	0.8945183753967285	-0.05048343539237976	5.050334453582764	1.4809116125106812	-0.05600178986787796	0.5723549723625183	0.6648568511009216	0.035018689930438995	-0.1478167325258255	-0.20092712342739105
16	TO	2.1761655807495117	0.0	0.0	11.534896850585938	-0.02924479730427265	-0.8216890692710876	-0.4449174702167511	11.534896850585938	1.2538789510726929	0.5613775253295898	0.18089646100997925	-0.11832568794488907	0.3327515423297882	0.2829420268535614
16	V1	3.353602409362793	0.0	0.0	3.9437804222106934	-0.04542238265275955	-0.45123809576034546	0.19924038648605347	3.9437804222106934	-0.27528366446495056	-0.045030560344457626	-0.24846810102462769	0.29189008474349976	0.13756366074085236	0.18372270464897156
16	V2	3.8907294273376465	0.0	0.0	1.5366395711898804	0.7114419937133789	1.15558922290802	0.8569222092628479	1.5366395711898804	0.170775905251503	-0.07323600351810455	-0.32811349630355835	0.04323955997824669	0.11929549276828766	0.19372746348381042
16	V3AB	1.1049307584762573	0.0	0.0	8.208494186401367	0.44130948185920715	-0.18859310448169708	3.91617488861084	8.208494186401367	-2.9914989471435547	-3.1170589923858643	-4.510187149047852	-1.3557580709457397	-0.9237447381019592	-1.7060657739639282
16	V3	4.480796813964844	0.0	0.0	4.427022933959961	-0.11156927049160004	-0.6857548952102661	0.22446738183498383	4.427022933959961	0.2861446440219879	0.1669885814189911	-0.03017471916973591	-0.006667592562735081	0.043107692152261734	0.07614059746265411
16	VO	4.148079872131348	0.0	0.0	8.339312553405762	2.1358885765075684	0.36533600091934204	2.6360740661621094	8.339312553405762	-0.4975980818271637	-0.3692495822906494	-0.15227848291397095	-0.31541332602500916	-0.28906115889549255	-0.36181214451789856
16	hV4	5.907264232635498	0.0	0.0	1.6066195964813232	4.5404181480407715	2.127194404602051	2.982177495956421	1.6066195964813232	-1.317560076713562	-0.2677004337310791	-0.8619565963745117	0.4751075804233551	0.0632711723446846	0.3063085973262787
17	LO	4.5630998611450195	0.0	0.0	5.135732650756836	-0.1939614862203598	-0.6947548985481262	0.3174498677253723	5.135732650756836	0.16762271523475647	0.21239054203033447	0.1864294707775116	0.001920296112075448	-0.023203596472740173	-0.046110451221466064
17	TO	8.0094575881958	0.0	0.0	5.246417045593262	-1.3495111465454102	-4.39719295501709	4.673906326293945	5.246417045593262	-0.7854404449462891	1.4060516357421875	1.5506093502044678	1.9686638116836548	1.1091694831848145	1.0482879877090454
17	V1	8.507742881774902	0.0	0.0	1.2448594570159912	-1.5167324542999268	-0.0017653200775384903	0.6767615675926208	1.2448594570159912	0.1721567064523697	1.0499496459960938	0.2879387140274048	0.2536815106868744	-0.048373993486166	0.18181470036506653
17	V2	2.2166407108306885	0.0	0.0	2.3885202407836914	-0.8711144328117371	-0.8613318800926208	-0.29540470242500305	2.3885202407836914	0.21511133015155792	0.6666949987411499	0.3291455805301666	0.7195555567741394	0.4636598527431488	0.5625302195549011
17	V3AB	1.0459115505218506	0.0	0.0	8.938177108764648	-0.2715695798397064	-0.18775123357772827	3.679858684539795	8.938177108764648	-4.480682849884033	-2.063498020172119	-2.5606353282928467	-1.8646221160888672	-1.0628048181533813	-1.488232135772705
17	V3	4.1042799949646	0.0	0.0	3.260226249694824	-0.29087164998054504	-0.25828027725219727	0.15667997300624847	3.260226249694824	-0.17644597589969635	-0.200537770986557	-0.08599177747964859	0.1508115828037262	0.12432929128408432	0.022680113092064857
17	VO	13.006451606750488	0.0	0.0	9.33813190460205	-0.17811450362205505	-0.29397332668304443	5.142024993896484	9.33813190460205	-0.8477842807769775	-1.4800478219985962	-0.03034266270697117	-0.0596407949924469	0.17261524498462677	-0.3369344472885132
17	hV4	2.656510353088379	0.0	0.0	5.624841213226318	-0.1965271234512329	-0.12361359596252441	0.8850489854812622	5.624841213226318	-0.3149527907371521	-0.06685885787010193	-0.3508664071559906	0.18993207812309265	0.027836725115776062	0.12530238926410675
18	LO	2.831315040588379	0.0	0.0	2.729459762573242	0.14598040282726288	-1.3559191226959229	0.5682435631752014	2.729459762573242	-0.12630902230739594	0.04091589152812958	-0.28230249881744385	0.12548945844173431	0.07398984581232071	0.21074943244457245
18	TO	6.356821537017822	0.0	0.0	2.5427660942077637	0.30963295698165894	-1.041999340057373	5.068966388702393	2.5427660942077637	0.1377132087945938	1.7904822826385498	-0.9155102372169495	1.2394157648086548	0.9854172468185425	1.691774606704712
18	V1	7.837575912475586	0.0	0.0	12.373584747314453	0.25855037569999695	0.29766345024108887	-0.5236184000968933	12.373584747314453	0.3259335160255432	0.3080769181251526	-0.22187301516532898	0.05998959392309189	0.08096113055944443	0.236746683716774
18	V2	4.42255973815918	0.0	0.0	13.524410247802734	0.15478335320949554	0.11847329139709473	-0.38175836205482483	13.524410247802734	0.10807210206985474	0.03723179176449776	0.03939180076122284	0.053663671016693115	0.07860541343688965	0.07326757907867432
18	V3AB	5.288571357727051	0.0	0.0	4.922203540802002	-0.1690714806318283	-0.41847315430641174	0.8300389647483826	4.922203540802002	0.12807658314704895	-0.009635291993618011	-0.009467451833188534	0.040056124329566956	0.10984889417886734	0.1115952879190445
18	V3	4.211313724517822	0.0	0.0	11.876771926879883	0.10654228180646896	-0.20096273720264435	-0.3549494743347168	11.876771926879883	0.25042724609375	0.09390658140182495	-0.08455774933099747	0.06296881288290024	0.07046985626220703	0.1352263242006302
18	VO	1.4892408847808838	0.0	0.0	13.265338897705078	0.5595410466194153	0.09237135946750641	6.015783309936523	13.265338897705078	-4.19973611831665	-5.028476715087891	-5.157258033752441	-3.72589111328125	-4.3621320724487305	-3.7989394664764404
18	hV4	4.3672895431518555	0.0	0.0	17.15932273864746	0.06693065166473389	0.1468428373336792	-1.5953054428100586	17.15932273864746	0.28478655219078064	0.45495572686195374	0.09669648110866547	0.19859535992145538	0.20194660127162933	0.26869598031044006
19	LO	2.1664512157440186	0.0	0.0	3.667212724685669	-0.9897087812423706	0.11200502514839172	0.48117396235466003	3.667212724685669	0.37092623114585876	0.4272109866142273	0.13232116401195526	0.12744148075580597	0.12013103067874908	0.3608323931694031
19	TO	7.9239702224731445	0.0	0.0	3.5794460773468018	-0.1915873885154724	1.0177701711654663	3.12192702293396	3.5794460773468018	0.22039736807346344	-0.8948248028755188	1.0720279216766357	0.009535913355648518	0.39547720551490784	-0.22817601263523102
19	V1	9.262626647949219	0.0	0.0	7.738101482391357	0.01892124116420746	0.08742313832044601	-0.3404375910758972	7.738101482391357	-0.22874422371387482	-0.3012552559375763	-0.0937429741024971	0.2230033576488495	0.22554266452789307	0.19446077942848206
19	V2	8.53883171081543	0.0	0.0	13.150960922241211	-0.10498251020908356	0.10445033013820648	-0.2650185227394104	13.150960922241211	0.22517357766628265	-0.22739732265472412	0.10246293991804123	0.09631107747554779	0.23525233566761017	0.15141791105270386
19	V3AB	1.9413251876831055	0.0	0.0	12.542984008789062	-0.3338436186313629	0.19895949959754944	5.0508294105529785	12.542984008789062	-2.0213921070098877	-4.531911849975586	-1.3120912313461304	-1.3030048608779907	-1.1792763471603394	-1.1880643367767334
19	V3	10.277807235717773	0.0	0.0	2.0876553058624268	-0.6149211525917053	0.37298887968063354	0.7717650532722473	2.0876553058624268	0.529608428478241	-0.05291220173239708	0.04491380229592323	-0.12213175743818283	0.05966557562351227	0.05664234980940819
19	VO	2.632171154022217	0.0	0.0	12.017616271972656	-0.3593142330646515	0.48142316937446594	4.952348232269287	12.017616271972656	-0.7796658277511597	-0.7961841225624084	-0.776519775390625	-0.7778090834617615	-0.7743090987205505	-0.7728388905525208
19	hV4	6.292183876037598	0.0	0.0	2.8254170417785645	0.6607815027236938	1.6584508419036865	3.5246925354003906	2.8254170417785645	1.4386624097824097	-0.4720997214317322	0.47577422857284546	0.07373722642660141	0.6893218159675598	0.44118139147758484
20	LO	2.686551332473755	0.0	0.0	2.609964609146118	0.3905327320098877	0.23133337497711182	0.9349492192268372	2.609964609146118	-0.08012822270393372	-0.0003432079392950982	1.0014569759368896	0.008228402584791183	-0.10874350368976593	-0.41549456119537354
20	TO	3.1908206939697266	0.0	0.0	5.381919860839844	-1.3429419994354248	-0.8282032012939453	5.6515374183654785	5.381919860839844	0.10848673433065414	1.7734841108322144	2.0471909046173096	0.9647398591041565	-0.17502924799919128	-0.32257458567619324
20	V1	6.92561149597168	0.0	0.0	0.8392481803894043	-1.7798596620559692	-1.5047659873962402	3.505279541015625	0.8392481803894043	0.21343548595905304	0.3437272310256958	0.36202409863471985	0.06581638753414154	0.008201738819479942	-0.06408898532390594
20	V2	2.718789577484131	0.0	0.0	3.066695213317871	-0.7145641446113586	-0.3045690953731537	0.13187327980995178	3.066695213317871	0.40598565340042114	0.34060829877853394	0.20138877630233765	0.18830622732639313	0.18577300012111664	0.19253802299499512
20	V3AB	1.877358078956604	0.0	0.0	10.090004920959473	-0.7345491647720337	-0.28362855315208435	6.228605270385742	10.090004920959473	-0.8015714287757874	0.08588995784521103	0.18987970054149628	-0.505922257900238	-2.2814741134643555	-2.2801337242126465
20	V3	2.9857826232910156	0.0	0.0	4.4627766609191895	-0.5902194976806641	-0.21633677184581757	0.2474265694618225	4.4627766609191895	0.28979483246803284	0.015613536350429058	0.1386483609676361	0.05082780495285988	0.10063079744577408	0.0184018537402153
20	VO	1.268541693687439	0.0	0.0	11.554962158203125	-1.0859586000442505	-0.2831159830093384	2.0755481719970703	11.554962158203125	-0.4962444305419922	0.6069417595863342	6.304344654083252	-0.13772918283939362	-0.9974105358123779	-1.8340343236923218
20	hV4	2.98970627784729	0.0	0.0	4.753363609313965	-2.0236289501190186	-1.0975886583328247	3.0398430824279785	4.753363609313965	0.5929705500602722	0.49540185928344727	0.9389738440513611	0.44037842750549316	0.022555682808160782	-0.021266283467411995
21	LO	3.134394407272339	0.0	0.0	0.9539787769317627	-1.5679633617401123	-1.3435405492782593	2.1767399311065674	0.9539787769317627	0.05115045979619026	-0.058058224618434906	-0.026387687772512436	0.10069364309310913	0.05674689635634422	0.10473030805587769
21	TO	5.272021293640137	0.0	0.0	2.7197611331939697	-1.3294682502746582	-0.5100248456001282	6.423500061035156	2.7197611331939697	1.1873480081558228	0.12299420684576035	0.2600838541984558	1.4474380016326904	1.5856677293777466	1.6795575618743896
21	V1	2.4841408729553223	0.0	0.0	12.520930290222168	0.15259592235088348	-0.043867938220500946	-0.5426700711250305	12.520930290222168	0.11274871230125427	0.12642350792884827	0.15843753516674042	0.28573259711265564	0.31945982575416565	0.3513926863670349
21	V2	3.5294249057769775	0.0	0.0	11.939582824707031	0.10380944609642029	0.08149498701095581	-0.25039130449295044	11.939582824707031	0.10544966161251068	0.07688406854867935	0.0013971141306683421	0.10330402106046677	0.06201743707060814	0.154233917593956
21	V3AB	1.2112452983856201	0.0	0.0	2.957186698913574	0.18995654582977295	0.1834089756011963	2.6233177185058594	2.957186698913574	-0.7175830006599426	-1.1935518980026245	-0.9592379927635193	-0.42024990916252136	-0.5071316361427307	-0.5553488731384277
21	V3	3.048684597015381	0.0	0.0	13.77762508392334	0.06962773203849792	-0.020344123244285583	-0.09457263350486755	13.77762508392334	0.01899763010442257	0.0581284761428833	-0.11244456470012665	0.10889101773500443	0.04709506034851074	0.1580149233341217
21	VO	7.042239665985107	0.0	0.0	4.62305212020874	-0.7546616196632385	-0.20425647497177124	4.60107946395874	4.62305212020874	-0.699997067451477	-1.603132724761963	-1.1334038972854614	0.7160472273826599	1.010297179222107	0.8781799077987671
21	hV4	2.47261381149292	0.0	0.0	2.6763055324554443	-1.0642927885055542	-0.5960643887519836	2.0054757595062256	2.6763055324554443	0.469397634267807	0.43418577313423157	0.5825707316398621	0.9736886620521545	1.0399235486984253	1.1083344221115112
22	LO	6.515896797180176	0.0	0.0	4.162228584289551	-0.2589007318019867	0.002471229061484337	1.5536675453186035	4.162228584289551	0.039517465978860855	-0.9205600619316101	0.6573906540870667	0.09707842022180557	0.356297105550766	-0.06511732935905457
22	TO	10.0328369140625	0.0	0.0	3.4681155681610107	0.7899101972579956	-0.11898844689130783	2.465277671813965	3.4681155681610107	-0.5055623650550842	-0.032301172614097595	2.631319284439087	0.1882992386817932	0.02336459793150425	-0.8276585936546326
22	V1	1.1337668895721436	0.0	0.0	2.270618438720703	-1.3781704902648926	2.5759780406951904	0.03992151468992233	2.270618438720703	3.1536312103271484	4.815098285675049	0.34446844458580017	3.594254732131958	3.712770462036133	2.9511466026306152
22	V2	7.3723602294921875	0.0	0.0	0.3582349121570587	-5.397388458251953	-5.3713812828063965	0.5211846828460693	0.3582349121570587	-0.06337901949882507	-1.0345642566680908	-0.4443916976451874	0.5876092314720154	0.907966136932373	0.6509990692138672
22	V3AB	5.441277980804443	0.0	0.0	4.223150730133057	-0.33321747183799744	1.902199387550354	3.5120656490325928	4.223150730133057	-0.011835439130663872	-0.5688013434410095	0.07423518598079681	0.20403867959976196	0.22542481124401093	0.013846770860254765
22	V3	2.137794256210327	0.0	0.0	4.292901515960693	-0.944542646408081	0.10965742915868759	-0.879548192024231	4.292901515960693	0.5880496501922607	-0.1332813948392868	0.23892074823379517	0.5702416300773621	0.6379161477088928	0.6013672351837158
22	VO	6.850906848907471	0.0	0.0	10.874286651611328	0.0398072674870491	-0.8051010370254517	3.897080898284912	10.874286651611328	-0.6268861293792725	-0.6849875450134277	0.6596412658691406	0.30715346336364746	0.25190240144729614	-0.18749259412288666
22	hV4	10.687864303588867	0.0	0.0	3.2512168884277344	-0.5364699959754944	-1.183545470237732	0.39169880747795105	3.2512168884277344	0.3716440796852112	0.4657793343067169	1.095861792564392	0.16904883086681366	0.1312759816646576	-0.10106479376554489
23	LO	3.651744842529297	0.0	0.0	2.028510808944702	-0.10875028371810913	1.850338339805603	1.3010088205337524	2.028510808944702	-0.23839524388313293	0.11907844990491867	0.29833489656448364	0.10855564475059509	0.06229088455438614	-0.02479373663663864
23	TO	4.703939914703369	0.0	0.0	4.719628810882568	0.4389362633228302	2.741795778274536	5.867056369781494	4.719628810882568	-1.9299756288528442	0.8192363977432251	0.08919256180524826	1.8513039350509644	0.8742700815200806	0.8583444952964783
23	V1	8.822275161743164	0.0	0.0	4.3759331703186035	0.7899946570396423	0.01702483557164669	-0.7299551367759705	4.3759331703186035	0.01293514296412468	0.17790666222572327	0.10531289875507355	0.19578954577445984	0.16967569291591644	0.2089661955833435
23	V2	2.4984850883483887	0.0	0.0	1.5637706518173218	-0.738675057888031	-1.3866286277770996	-0.4572720229625702	1.5637706518173218	0.11806759238243103	0.2502088248729706	0.16296663880348206	0.11894010007381439	0.14556653797626495	0.23166367411613464
23	V3AB	5.759693145751953	0.0	0.0	6.269450664520264	-0.3608236014842987	-0.7174612879753113	1.7419633865356445	6.269450664520264	0.4661361277103424	-0.43189936876296997	-0.18043355643749237	-0.23281718790531158	0.11703620105981827	0.034460630267858505
23	V3	6.130866050720215	0.0	0.0	1.8404258489608765	-0.058733608573675156	-0.5230259299278259	-1.520809531211853	1.8404258489608765	-0.8624391555786133	-0.5919820070266724	-0.37706074118614197	0.34533044695854187	0.27871173620224	0.215311199426651
23	VO	2.0537736415863037	0.0	0.0	13.997231483459473	-0.0737605094909668	0.1684439778327942	4.289720058441162	13.997231483459473	-1.351749300956726	-2.1184792518615723	-1.1338363885879517	-1.1481086015701294	-0.8399277329444885	-0.8074156641960144
23	hV4	3.616539478302002	0.0	0.0	13.027036666870117	-0.20547395944595337	-0.0858679711818695	0.3293895423412323	13.027036666870117	-0.18674041330814362	0.09947477281093597	-0.07197772711515427	0.10063043236732483	0.09108664095401764	0.17702661454677582
24	LO	2.972517490386963	0.0	0.0	3.3606483936309814	0.04071318358182907	0.010894476436078548	-0.36813682317733765	3.3606483936309814	0.34681710600852966	0.14376570284366608	0.06706437468528748	0.03860335424542427	0.13853871822357178	0.19587400555610657
24	V1	1.962807536125183	0.0	0.0	2.3296215534210205	-0.3160434663295746	1.0886876583099365	0.0011522633722051978	2.3296215534210205	1.0051063299179077	0.29471245408058167	1.1038354635238647	-0.07710596174001694	0.19650310277938843	0.025521177798509598
24	V2	2.510268449783325	0.0	0.0	12.015144348144531	0.3201603293418884	0.7086832523345947	-0.5466814637184143	12.015144348144531	1.0303194522857666	0.8924946188926697	0.731399416923523	0.6792352199554443	0.7232565879821777	0.8475564122200012
24	V3AB	4.416838645935059	0.0	0.0	2.069974660873413	-0.7356356382369995	-0.030454585328698158	3.631608247756958	2.069974660873413	0.438325434923172	0.22392745316028595	0.34946924448013306	0.26487892866134644	0.43846410512924194	0.3599119186401367
24	V3	2.750779390335083	0.0	0.0	3.8460657596588135	0.21796949207782745	0.3690941035747528	-0.2767513394355774	3.8460657596588135	0.2492358684539795	0.1328544318675995	0.08592147380113602	0.19799795746803284	0.28581374883651733	0.351825475692749
24	VO	1.2171136140823364	0.0	0.0	4.912811756134033	0.49561429023742676	1.1600340604782104	4.610930919647217	4.912811756134033	-1.9777240753173828	-2.521456718444824	-1.9832217693328857	-1.9571465253829956	-1.2779203653335571	-1.962519884109497
24	hV4	4.946935176849365	0.0	0.0	1.38474440574646	0.3484780192375183	1.4873008728027344	3.6297085285186768	1.38474440574646	-0.27569380402565	0.2690970301628113	-0.4155779480934143	0.2022719830274582	0.08098912239074707	0.2533243000507355
25	LO	5.95059061050415	0.0	0.0	4.843756198883057	0.4020664095878601	0.5698556303977966	1.971794605255127	4.843756198883057	-0.41603532433509827	-0.3159365952014923	-0.07367146015167236	0.07316958904266357	-0.013516080565750599	-0.06150826811790466
25	TO	4.272945404052734	0.0	0.0	4.546645641326904	-0.616524875164032	-0.25223302841186523	5.655989646911621	4.546645641326904	0.44270947575569153	0.6641550064086914	1.0965800285339355	1.039000153541565	1.0333870649337769	0.9076547622680664
25	V1	1.125679612159729	0.0	0.0	13.817941665649414	0.29685887694358826	0.15327775478363037	-0.06469443440437317	13.817941665649414	0.43983563780784607	0.2586579918861389	0.5194674134254456	1.250653624534607	1.1105188131332397	0.7232040762901306
25	V2	1.0102992057800293	0.0	0.0	9.43934154510498	0.2864444851875305	0.16218730807304382	1.0435504913330078	9.43934154510498	0.0882321447134018	-1.2070339918136597	-0.7411344647407532	0.7839329838752747	1.267608404159546	0.6369599103927612
25	V3AB	2.8428914546966553	0.0	0.0	7.926693916320801	1.1345151662826538	1.0549002885818481	4.905519008636475	7.926693916320801	-0.5155751705169678	-0.6876960396766663	-0.14630447328090668	-0.6973071694374084	-0.6768013834953308	-0.6682419180870056
25	V3	1.217296838760376	0.0	0.0	4.526517391204834	-0.1514151394367218	-0.032519176602363586	1.1965320110321045	4.526517391204834	-0.4612593650817871	-0.8597269058227539	-0.7434962391853333	-0.7800980806350708	-0.7090640068054199	-0.30153441429138184
25	VO	9.300339698791504	0.0	0.0	13.987284660339355	-1.8116356134414673	1.4492449760437012	5.5091471672058105	13.987284660339355	1.0815212726593018	0.29642829298973083	0.9354243278503418	0.11491861194372177	0.4208478629589081	0.37554261088371277
25	hV4	6.053694725036621	0.0	0.0	1.86759352684021	0.1909712255001068	1.4256442785263062	2.118652820587158	1.86759352684021	0.33451518416404724	0.30281656980514526	-0.25811415910720825	-0.04189956560730934	-0.06463806331157684	0.14035682380199432
26	LO	1.6506458520889282	0.0	0.0	2.032069683074951	1.4195594787597656	2.5790014266967773	3.271623134613037	2.032069683074951	0.2916949391365051	-0.7629280090332031	0.056526459753513336	-0.2508756220340729	0.3834362328052521	-0.3352328836917877
26	TO	1.627206563949585	0.0	0.0	11.488171577453613	-0.3559638261795044	0.011581134982407093	1.7557605504989624	11.488171577453613	0.29922494292259216	-3.3280696868896484	-1.0868796110153198	-2.11004376411438	-0.8718236088752747	-2.080021381378174
26	V1	1.969017505645752	0.0	0.0	12.404960632324219	-0.004006153903901577	0.1169743463397026	-0.005679715890437365	12.404960632324219	0.14898145198822021	0.24559909105300903	0.5952954292297363	0.4191955626010895	0.40391281247138977	0.35658660531044006
26	V2	3.176286220550537	0.0	0.0	12.998292922973633	0.12652291357517242	0.33624789118766785	-0.1719614416360855	12.998292922973633	0.024214474484324455	-0.31166431307792664	0.009665130637586117	0.1361645758152008	0.2618906497955322	0.1427428275346756
26	V3AB	6.066505432128906	0.0	0.0	8.414904594421387	0.397699236869812	0.8175982236862183	3.698657512664795	8.414904594421387	0.6948394179344177	-0.9699848294258118	-0.2152034342288971	-0.5797426104545593	-0.07612153887748718	-0.2882210314273834
26	V3	1.6054680347442627	0.0	0.0	1.9712893962860107	0.5085791945457458	-0.022373268380761147	1.4107475280761719	1.9712893962860107	-0.07032446563243866	-0.5572414994239807	-0.3499239385128021	0.07080669701099396	0.1947423368692398	-0.02140023000538349
26	VO	2.0580530166625977	0.0	0.0	14.418766021728516	-0.9041292071342468	1.5789897441864014	6.29742956161499	14.418766021728516	-1.2045140266418457	-4.128682613372803	-3.915602684020996	-1.0862338542938232	-0.8281499147415161	0.2550815939903259
26	hV4	4.743051528930664	0.0	0.0	2.662559747695923	-0.32110121846199036	0.6961154341697693	1.2333528995513916	2.662559747695923	0.04168853163719177	0.17961058020591736	-0.07420588284730911	0.0014458931982517242	-0.051804449409246445	-0.04060244560241699
27	V1	7.282453536987305	0.0	0.0	5.3716139793396	0.18113593757152557	0.3626951277256012	0.037148039788007736	5.3716139793396	0.1434323936700821	-9.665265679359436e-05	0.13874442875385284	0.02332904562354088	0.06310225278139114	-0.009221300482749939
27	V2	8.32849407196045	0.0	0.0	1.8073134422302246	0.202428936958313	-0.3744783401489258	0.9699634313583374	1.8073134422302246	0.36295849084854126	-0.30545809864997864	0.05756772309541702	-0.07868731021881104	0.15372437238693237	0.017120027914643288
27	V3AB	3.3582851886749268	0.0	0.0	5.179642200469971	-0.2875021696090698	-1.0744363069534302	2.6182804107666016	5.179642200469971	-0.27551743388175964	-0.11327254772186279	0.19601008296012878	0.3405388593673706	0.21740837395191193	0.05171490088105202
27	V3	3.481240749359131	0.0	0.0	13.870183944702148	0.15838855504989624	0.1608099341392517	-0.13660059869289398	13.870183944702148	0.15720365941524506	0.06551622599363327	0.20606917142868042	0.0410468727350235	0.054371051490306854	-0.02091505005955696
28	VO	3.1748695373535156	0.0	0.0	13.588653564453125	-0.25607287883758545	-0.16497798264026642	1.5293396711349487	13.588653564453125	0.03373867645859718	0.27179914712905884	0.001092419377528131	0.006947251036763191	0.07812780141830444	0.04308998957276344
29	LO	5.402763843536377	0.0	0.0	12.004746437072754	0.3481093943119049	0.2404291182756424	-0.32891204953193665	12.004746437072754	0.09106699377298355	0.19507940113544464	0.18773160874843597	-0.022958336398005486	0.0012043279130011797	-0.009655785746872425
29	TO	5.124524116516113	0.0	0.0	4.041171550750732	-0.05792855843901634	-2.3916587829589844	5.3481292724609375	4.041171550750732	-1.1202701330184937	0.9638071656227112	0.823309600353241	0.920625627040863	0.42236393690109253	0.4809384047985077
29	V1	8.468758583068848	0.0	0.0	11.957121849060059	-0.20662100613117218	-0.1964588314294815	-0.17172299325466156	11.957121849060059	-0.046370476484298706	0.2879749834537506	0.005946772638708353	0.14569708704948425	0.06626937538385391	0.17011640965938568
29	V2	2.6206612586975098	0.0	0.0	1.5442246198654175	-1.5025038719177246	-1.834768295288086	-0.347382515668869	1.5442246198654175	0.0760224461555481	0.1719622015953064	0.3392418622970581	0.14446961879730225	0.24164137244224548	0.2312610000371933
29	V3AB	3.440790891647339	0.0	0.0	8.806055068969727	-0.5812017917633057	0.053389113396406174	5.9627604484558105	8.806055068969727	-0.529036283493042	-0.5507283210754395	-0.752855122089386	-0.5176726579666138	-0.5367695093154907	-0.49907186627388
29	V3	2.123507261276245	0.0	0.0	14.350946426391602	0.17247365415096283	0.06157926470041275	-0.32335931062698364	14.350946426391602	-0.12620827555656433	0.18403372168540955	0.16245664656162262	0.22244331240653992	0.2688905894756317	0.3204498887062073
29	VO	1.7381069660186768	0.0	0.0	8.248726844787598	-0.4084049165248871	-0.08236683905124664	5.182673454284668	8.248726844787598	-3.9584319591522217	-1.1109148263931274	-1.1643455028533936	-1.017641544342041	-1.4666385650634766	-1.4913907051086426
29	hV4	3.9503886699676514	0.0	0.0	2.4136624336242676	-0.14865544438362122	0.3055562973022461	2.2920589447021484	2.4136624336242676	0.005528920795768499	0.18597790598869324	0.05867734178900719	0.05142736807465553	0.11795695871114731	0.12684065103530884
