subject	roi	mode	n_voxels	sigma_AF	g_HP	g_LP	g_diff	g_avg	log_ratio	r2_mean	r2_med
1	V1	signed	901	4.2657952308654785	0.25466489791870117	0.19772884249687195	0.056936055421829224	0.22619687020778656	0.046441391066898534	0.23028284311294556	0.1989600658416748
2	V1	signed	669	2.373703718185425	0.2324080616235733	0.24457761645317078	-0.012169554829597473	0.23849283903837204	-0.00982617933984423	0.12897837162017822	0.043712735176086426
3	V1	signed	877	1.5273905992507935	0.3605002462863922	0.3797511160373688	-0.019250869750976562	0.3701256811618805	-0.014050671938882606	0.16692772507667542	0.045522987842559814
4	V1	signed	1140	9.010232925415039	-3.886272430419922	1.3317257165908813	-5.217998147010803	-1.2772733569145203	-3.8423409178824546	0.16378018260002136	0.09381771087646484
5	V1	signed	949	1.4232428073883057	0.22118043899536133	0.3955307602882385	-0.1743503212928772	0.3083555996417999	-0.1334568523414032	0.14328403770923615	0.05803292989730835
6	V1	signed	885	1.4729108810424805	0.7314444780349731	0.3691547214984894	0.36228975653648376	0.5502995997667313	0.2347624607121085	0.12787358462810516	0.040441691875457764
7	V1	signed	969	1.6783004999160767	-0.4814715087413788	0.6728421449661255	-1.1543136537075043	0.09568531811237335	-1.1712843665120958	0.18083053827285767	0.0813741683959961
8	V1	signed	1425	0.9822194576263428	1.4140625	1.4224783182144165	-0.008415818214416504	1.4182704091072083	-0.003480101595115405	0.11102387309074402	0.021156787872314453
9	V1	signed	1027	8.55754280090332	0.2659182548522949	-0.07779214531183243	0.34371040016412735	0.09406305477023125	0.31678239391915636	0.17617765069007874	0.09104913473129272
10	V1	signed	994	4.264045715332031	0.17821544408798218	0.11061300337314606	0.06760244071483612	0.14441422373056412	0.05908884004672833	0.1735696792602539	0.11397406458854675
11	V1	signed	803	6.385569095611572	-0.1376115083694458	0.13275951147079468	-0.2703710198402405	-0.0024259984493255615	-0.2727061248266494	0.16513681411743164	0.06685912609100342
12	V1	signed	755	2.165433883666992	0.5183609127998352	0.21851304173469543	0.29984787106513977	0.3684369772672653	0.2200001090498239	0.13746576011180878	0.04901599884033203
13	V1	signed	1533	2.3552165031433105	0.11652866750955582	0.1494758129119873	-0.03294714540243149	0.13300224021077156	-0.029081555403508805	0.10253989696502686	0.012858033180236816
14	V1	signed	1111	7.3081769943237305	0.5759902596473694	-0.17532534897327423	0.7513156086206436	0.20033245533704758	0.6476501438103941	0.13583876192569733	0.02801346778869629
15	V1	signed	1200	1.5483378171920776	0.40463370084762573	0.3543469309806824	0.05028676986694336	0.37949031591415405	0.03645718926321751	0.11899276822805405	0.021750926971435547
16	V1	signed	804	2.2608025074005127	-0.05465390905737877	0.38729149103164673	-0.4419454000890255	0.16631879098713398	-0.38355746334573254	0.1157420352101326	0.05664840340614319
17	V1	signed	1227	1.5762594938278198	0.24654798209667206	0.26461225748062134	-0.01806427538394928	0.2555801197886467	-0.014387442668666378	0.13110527396202087	0.019028306007385254
18	V1	signed	762	1.1735608577728271	0.7626099586486816	0.9266881346702576	-0.16407817602157593	0.8446490466594696	-0.0890068948724957	0.110036201775074	0.03471183776855469
19	V1	signed	460	6.081827163696289	-0.04771041497588158	0.10013100504875183	-0.1478414200246334	0.026210295036435127	-0.14431537270811792	0.13502876460552216	0.056592732667922974
20	V1	signed	1486	7.782803058624268	0.20601382851600647	-0.046129800379276276	0.25214362889528275	0.0799420140683651	0.2345482405589406	0.05588850751519203	0.012868493795394897
21	V1	signed	916	2.310120105743408	0.015619762241840363	0.2115384340286255	-0.19591867178678513	0.11357909813523293	-0.17639195575817163	0.1453181505203247	0.04422640800476074
22	V1	signed	346	0.8462552428245544	1.3946208953857422	4.048140048980713	-2.6535191535949707	2.7213804721832275	-0.7457949400061461	0.041973572224378586	0.008564412593841553
23	V1	signed	963	1.025987982749939	1.153457760810852	1.1333526372909546	0.02010512351989746	1.1434051990509033	0.009380060728568104	0.12112151086330414	0.015629351139068604
24	V1	signed	911	1.8368844985961914	0.675397515296936	0.01633339747786522	0.6590641178190708	0.3458654563874006	0.49984901723413816	0.14672234654426575	0.04432719945907593
25	V1	signed	392	1.610105276107788	0.27402687072753906	0.4770468771457672	-0.20302000641822815	0.37553687393665314	-0.14786209257627014	0.04475250840187073	0.007051348686218262
26	V1	signed	1078	1.469088077545166	0.30885598063468933	0.45715588331222534	-0.148299902677536	0.38300593197345734	-0.10733305228149392	0.11197605729103088	0.04883846640586853
27	V1	signed	877	4.48370361328125	0.05448078736662865	0.034184496849775314	0.020296290516853333	0.04433264210820198	0.019435310717230692	0.16064704954624176	0.08201658725738525
28	V1	signed	620	1.2823110818862915	2.3503129482269287	2.2416880130767822	0.10862493515014648	2.2960004806518555	0.03295957302946418	0.06568457186222076	0.012880831956863403
29	V1	signed	466	2.0197346210479736	0.3790554702281952	0.40817415714263916	-0.02911868691444397	0.3936148136854172	-0.020895118270952057	0.14864860475063324	0.06620258092880249
30	V1	signed	835	2.310023307800293	0.20843839645385742	0.22921891510486603	-0.020780518651008606	0.21882865577936172	-0.017049994650280918	0.15524551272392273	0.07695966958999634
1	V2	signed	821	1.4551323652267456	1.2588459253311157	1.3890308141708374	-0.13018488883972168	1.3239383697509766	-0.05603373626735765	0.20513398945331573	0.17618316411972046
2	V2	signed	671	3.806617498397827	0.06437161564826965	0.08491785824298859	-0.020546242594718933	0.07464473694562912	-0.019119684669326748	0.15161514282226562	0.08254075050354004
3	V2	signed	806	1.2641088962554932	0.8564634323120117	1.0734049081802368	-0.2169414758682251	0.9649341702461243	-0.110518841788216	0.1392536461353302	0.05401110649108887
4	V2	signed	980	3.3606913089752197	0.0496559776365757	0.0940527394413948	-0.04439676180481911	0.07185435853898525	-0.04142644059923572	0.18386809527873993	0.14502409100532532
5	V2	signed	741	2.195258617401123	0.09098602831363678	0.1279555708169937	-0.036969542503356934	0.10947079956531525	-0.033324864269610524	0.17573505640029907	0.12425035238265991
6	V2	signed	847	4.296764373779297	-0.013078308664262295	0.07559449225664139	-0.08867280092090368	0.03125809179618955	-0.08603810755690947	0.1125246211886406	0.04421442747116089
7	V2	signed	776	1.2100129127502441	-4.256366729736328	2.6502609252929688	-6.906627655029297	-0.8030529022216797	-4.2905309249749966	0.1239696592092514	0.054217010736465454
8	V2	signed	1039	1.1494147777557373	0.33083030581474304	0.7588083148002625	-0.4279780089855194	0.5448193103075027	-0.27883344832305323	0.10576725751161575	0.0321962833404541
9	V2	signed	822	2.222968101501465	0.028187090530991554	0.0197462048381567	0.008440885692834854	0.023966647684574127	0.008243367604374796	0.22506031394004822	0.19930794835090637
10	V2	signed	805	4.094262599945068	0.022344782948493958	0.16097299754619598	-0.13862821459770203	0.09165889024734497	-0.12715964862336698	0.17019636929035187	0.13210129737854004
11	V2	signed	574	2.5854685306549072	0.16299794614315033	0.12254393100738525	0.040454015135765076	0.1427709385752678	0.035403630912598634	0.15774334967136383	0.09739914536476135
12	V2	signed	721	2.8097918033599854	0.35089048743247986	0.05529623478651047	0.2955942526459694	0.20309336110949516	0.24694247653645485	0.14751195907592773	0.07726985216140747
13	V2	signed	983	1.8712782859802246	0.0834469348192215	0.30239138007164	-0.21894444525241852	0.19291915744543076	-0.18405453266301758	0.1221248060464859	0.03229564428329468
14	V2	signed	1097	3.7830393314361572	0.0579657219350338	0.058724068105220795	-0.0007583461701869965	0.058344895020127296	-0.0007165397652519965	0.1502140611410141	0.0684390664100647
15	V2	signed	976	1.9062016010284424	0.03175319731235504	0.3500123918056488	-0.31825919449329376	0.19088279455900192	-0.2688542829561587	0.14445830881595612	0.042683303356170654
16	V2	signed	751	4.171636581420898	-0.10059129446744919	0.07862184941768646	-0.17921314388513565	-0.010984722524881363	-0.181701886343037	0.14190413057804108	0.0875251293182373
17	V2	signed	861	2.0527234077453613	-0.01904580555856228	0.21559318900108337	-0.23463899455964565	0.09827369172126055	-0.21446169227844916	0.16757483780384064	0.0729859471321106
18	V2	signed	780	1.3695859909057617	0.48757052421569824	1.1873897314071655	-0.6998192071914673	0.8374801278114319	-0.38556466092828506	0.1004486083984375	0.04081076383590698
19	V2	signed	739	2.278752565383911	0.21100690960884094	0.28882700204849243	-0.07782009243965149	0.2499169558286667	-0.06228033371153087	0.12965106964111328	0.08046621084213257
20	V2	signed	1052	2.567963123321533	0.08823441714048386	0.032017145305871964	0.05621727183461189	0.06012578122317791	0.05304130156698557	0.0561923012137413	0.014322638511657715
21	V2	signed	721	2.795205593109131	0.08544580638408661	0.16599895060062408	-0.08055314421653748	0.12572237849235535	-0.07158740386469237	0.18893487751483917	0.13682258129119873
22	V2	signed	342	6.292198181152344	-0.37312808632850647	0.13377270102500916	-0.5069007873535156	-0.11967769265174866	-0.5925637888351574	0.05759366974234581	0.011862516403198242
23	V2	signed	929	4.389392852783203	0.013702142052352428	0.04773806780576706	-0.03403592575341463	0.030720104929059744	-0.03302450285314969	0.16852299869060516	0.07798486948013306
24	V2	signed	643	1.314416766166687	0.466837078332901	0.15063004195690155	0.31620703637599945	0.3087335601449013	0.2427987803545587	0.15784095227718353	0.07450097799301147
25	V2	signed	367	1.040755271911621	0.6117270588874817	1.9237258434295654	-1.3119987845420837	1.2677264511585236	-0.5955524652542517	0.03157566115260124	0.00868535041809082
26	V2	signed	813	3.8933353424072266	-0.1865941882133484	0.15729926526546478	-0.34389345347881317	-0.014647461473941803	-0.35261421148301225	0.10829918831586838	0.04908585548400879
27	V2	signed	683	1.6808905601501465	0.22013641893863678	0.21674194931983948	0.0033944696187973022	0.21843918412923813	0.0027859181307372614	0.14522702991962433	0.08852320909500122
28	V2	signed	748	1.5139951705932617	1.1209923028945923	1.6321645975112915	-0.5111722946166992	1.376578450202942	-0.2159225019784199	0.06912005692720413	0.018220990896224976
29	V2	signed	565	2.306215763092041	0.06951319426298141	0.1591932624578476	-0.08968006819486618	0.1143532283604145	-0.08052071345700602	0.16464398801326752	0.11828625202178955
30	V2	signed	731	3.474928617477417	0.05213058367371559	0.057818301022052765	-0.0056877173483371735	0.05497444234788418	-0.005391344943443555	0.1693764626979828	0.11671465635299683
1	V3	signed	846	1.9163943529129028	0.32099974155426025	0.4802902936935425	-0.15929055213928223	0.40064501762390137	-0.11384938303359979	0.18881669640541077	0.1447499394416809
2	V3	signed	739	2.403333902359009	0.167328879237175	0.285453200340271	-0.11812432110309601	0.226391039788723	-0.09639321168620525	0.10813058167695999	0.04798001050949097
3	V3	signed	896	1.2307239770889282	0.4124816358089447	0.49194929003715515	-0.07946765422821045	0.4522154629230499	-0.05473533053647768	0.16204537451267242	0.08991774916648865
4	V3	signed	959	6.5970001220703125	-0.16603948175907135	0.10392481088638306	-0.2699642926454544	-0.031057335436344147	-0.2804410574370738	0.1353839933872223	0.09332072734832764
5	V3	signed	782	1.8006917238235474	-0.08748160302639008	0.2518060803413391	-0.3392876833677292	0.08216223865747452	-0.31613440543700994	0.1482924520969391	0.09757214784622192
6	V3	signed	808	2.4320640563964844	0.06080695986747742	0.13448697328567505	-0.07368001341819763	0.09764696657657623	-0.06715064144321001	0.10270676761865616	0.04692688584327698
7	V3	signed	1068	1.5682920217514038	-0.6516777276992798	0.8939089775085449	-1.5455867052078247	0.12111562490463257	-1.6932700931875473	0.13204100728034973	0.0715203583240509
8	V3	signed	990	1.4706807136535645	0.25769302248954773	0.3383939266204834	-0.08070090413093567	0.29804347455501556	-0.06219122466727254	0.11604399979114532	0.055118709802627563
9	V3	signed	1068	2.1791114807128906	0.10427342355251312	0.057413846254348755	0.04685957729816437	0.08084363490343094	0.04336142409554427	0.1734877973794937	0.12363636493682861
10	V3	signed	761	6.644519805908203	-0.5905054807662964	0.27488085627555847	-0.8653863370418549	-0.15781231224536896	-1.135684488008909	0.14482630789279938	0.0974353551864624
11	V3	signed	639	2.5876097679138184	-0.045113466680049896	0.21300409734249115	-0.25811756402254105	0.08394531533122063	-0.23926276665261845	0.15057294070720673	0.08367079496383667
12	V3	signed	697	2.44049072265625	0.23571212589740753	0.05643541365861893	0.1792767122387886	0.14607376977801323	0.15674700021582283	0.19280846416950226	0.13301271200180054
13	V3	signed	907	1.6633979082107544	0.14341285824775696	0.37404870986938477	-0.2306358516216278	0.25873078405857086	-0.18374411890436446	0.13569681346416473	0.054254770278930664
14	V3	signed	872	1.8673338890075684	0.25633224844932556	0.398343026638031	-0.14201077818870544	0.3273376375436783	-0.10709142118399508	0.1225573867559433	0.049336135387420654
15	V3	signed	787	1.5393638610839844	0.4700104594230652	0.5962674021720886	-0.12625694274902344	0.5331389307975769	-0.08239851419497352	0.1554287075996399	0.09283947944641113
16	V3	signed	769	1.727712631225586	0.2277524471282959	0.2538643181324005	-0.026111871004104614	0.2408083826303482	-0.021045017983814505	0.09021780639886856	0.042227864265441895
17	V3	signed	823	2.365454912185669	-0.10505116730928421	0.1826995462179184	-0.2877507135272026	0.03882418945431709	-0.2787883091112234	0.16491268575191498	0.09272444248199463
18	V3	signed	712	3.9212124347686768	0.06161056458950043	0.07587312906980515	-0.014262564480304718	0.06874184682965279	-0.013345389442290136	0.10364583879709244	0.047693222761154175
19	V3	signed	722	2.3928983211517334	0.13089653849601746	0.20733581483364105	-0.0764392763376236	0.16911617666482925	-0.065405411096975	0.09561525285243988	0.05142843723297119
20	V3	signed	996	2.042067527770996	0.17828616499900818	0.07207980751991272	0.10620635747909546	0.12518298625946045	0.09446047298450634	0.06230548769235611	0.023533731698989868
21	V3	signed	765	2.354165554046631	0.023351075127720833	0.1996651440858841	-0.17631406895816326	0.11150810960680246	-0.15895986121904582	0.17770534753799438	0.1354919672012329
22	V3	signed	387	2.389704704284668	-0.22845372557640076	0.09381138533353806	-0.3222651109099388	-0.06732117012143135	-0.3490269100157295	0.04993196204304695	0.01887720823287964
23	V3	signed	1039	6.639758110046387	-0.7294106483459473	0.27262258529663086	-1.0020332336425781	-0.2283940315246582	-1.5482327139156749	0.14101997017860413	0.06951016187667847
24	V3	signed	573	2.576617956161499	0.03158101066946983	0.07827971130609512	-0.04669870063662529	0.05493036098778248	-0.04427432407748106	0.16906143724918365	0.1085461974143982
25	V3	signed	350	4.3405561447143555	0.0695008933544159	0.07739699631929398	-0.007896102964878082	0.07344894483685493	-0.0073558585219952325	0.036832235753536224	0.009321331977844238
26	V3	signed	766	1.8582637310028076	0.023892724886536598	0.34472018480300903	-0.32082745991647243	0.18430645484477282	-0.27257419009508566	0.08150268346071243	0.04181623458862305
27	V3	signed	758	4.4802350997924805	0.12159170210361481	-0.011135444045066833	0.13272714614868164	0.05522812902927399	0.12594674624229016	0.0989195704460144	0.056944042444229126
28	V3	signed	465	2.0629382133483887	0.36006322503089905	0.6132485866546631	-0.25318536162376404	0.48665590584278107	-0.1707187140869889	0.040826525539159775	0.017527401447296143
29	V3	signed	687	2.086881637573242	0.08719000220298767	0.2858502268791199	-0.1986602246761322	0.18652011454105377	-0.1678237668096161	0.13715168833732605	0.06807547807693481
30	V3	signed	791	7.4430766105651855	0.21308280527591705	-0.04651970416307449	0.25960250943899155	0.08328155055642128	0.24080141173751804	0.14059844613075256	0.07437020540237427
1	V3AB	signed	840	1.844303011894226	1.1311458349227905	1.2063030004501343	-0.07515716552734375	1.1687244176864624	-0.0346584785321201	0.05585509166121483	0.03298807144165039
2	V3AB	signed	509	1.7703264951705933	1.844078779220581	1.7492215633392334	0.09485721588134766	1.7966501712799072	0.03392140797467206	0.03981788456439972	0.024248778820037842
3	V3AB	signed	804	5.5522565841674805	0.10673312842845917	0.028601018711924553	0.07813210971653461	0.06766707357019186	0.07321290352080954	0.06467118859291077	0.029634982347488403
4	V3AB	signed	877	1.7545440196990967	0.26362842321395874	0.23032702505588531	0.033301398158073425	0.24697772413492203	0.026707275455752796	0.030616706237196922	0.014489591121673584
5	V3AB	signed	875	2.46258807182312	0.37462761998176575	0.47270667552948	-0.09807905554771423	0.42366714775562286	-0.06891911098234173	0.04197763651609421	0.021234989166259766
6	V3AB	signed	450	2.467862129211426	0.32453227043151855	0.08613261580467224	0.2383996546268463	0.2053324431180954	0.19843606561283625	0.017313284799456596	0.01029139757156372
7	V3AB	signed	942	2.0285420417785645	-4.166755199432373	1.4505306482315063	-5.617285847663879	-1.3581122756004333	-3.892036865773058	0.037094272673130035	0.015814781188964844
8	V3AB	signed	747	2.88157320022583	0.28583258390426636	0.23071613907814026	0.0551164448261261	0.2582743614912033	0.043810206902784955	0.022387390956282616	0.012018144130706787
9	V3AB	signed	972	6.224752426147461	0.37128356099128723	-0.06963552534580231	0.44091908633708954	0.15082401782274246	0.3879260684312508	0.07053402066230774	0.0366135835647583
10	V3AB	signed	593	3.6498186588287354	-0.0037632316816598177	0.15822447836399078	-0.1619877100456506	0.07723062334116548	-0.15065854087271807	0.04035158455371857	0.021848738193511963
11	V3AB	signed	492	4.237427234649658	-0.037582144141197205	0.19194820523262024	-0.22953034937381744	0.07718303054571152	-0.2138956767375712	0.04806424304842949	0.023263603448867798
12	V3AB	signed	976	2.4793262481689453	0.23597577214241028	0.18938636779785156	0.046589404344558716	0.21268106997013092	0.03842324020309813	0.05739888921380043	0.027389883995056152
13	V3AB	signed	1026	2.4704737663269043	0.12611337006092072	0.2580122947692871	-0.1318989247083664	0.1920628324151039	-0.11076072295710543	0.06594081968069077	0.02986869215965271
14	V3AB	signed	534	1.567340612411499	1.3101457357406616	1.6085063219070435	-0.29836058616638184	1.4593260288238525	-0.12146715544794966	0.029674412682652473	0.014417678117752075
15	V3AB	signed	668	2.74574613571167	0.031198419630527496	0.2775470018386841	-0.24634858220815659	0.1543727107346058	-0.21422019437697637	0.03738441318273544	0.01971679925918579
16	V3AB	signed	731	1.6756467819213867	-0.1696278601884842	0.19847355782985687	-0.36810141801834106	0.01442284882068634	-0.36693002938538705	0.03939804807305336	0.01819068193435669
17	V3AB	signed	772	2.104680299758911	0.04157876595854759	0.22744835913181305	-0.18586959317326546	0.13451356254518032	-0.16419990356798342	0.051735151559114456	0.02858823537826538
18	V3AB	signed	786	6.945424556732178	-0.05772007629275322	0.10959894210100174	-0.16731901839375496	0.02593943290412426	-0.16345152623615214	0.04765256121754646	0.020600438117980957
19	V3AB	signed	411	6.810763835906982	-0.3647826313972473	0.22113089263439178	-0.5859135240316391	-0.07182586938142776	-0.6535654164625511	0.022970739752054214	0.01466822624206543
20	V3AB	signed	698	1.9882023334503174	0.9289783835411072	0.19157671928405762	0.7374016642570496	0.5602775514125824	0.4817131235087872	0.017291532829403877	0.011482179164886475
21	V3AB	signed	649	2.104818344116211	-0.08838178217411041	0.2422618269920349	-0.3306436091661453	0.07694002240896225	-0.30946776943535487	0.05151114612817764	0.03261458873748779
22	V3AB	signed	265	0.4835922420024872	2.8159992694854736	5.652705669403076	-2.8367063999176025	4.234352469444275	-0.555821077347606	0.01802879199385643	0.010461628437042236
23	V3AB	signed	745	2.0440502166748047	-0.002697331365197897	0.07393436878919601	-0.07663170015439391	0.03561851871199906	-0.07402986080287872	0.052766136825084686	0.024307608604431152
24	V3AB	signed	620	7.5606794357299805	-0.05772333964705467	0.1371675431728363	-0.19489088281989098	0.039722101762890816	-0.18799691226908918	0.06480255722999573	0.03029826283454895
25	V3AB	signed	322	2.11984920501709	0.859519898891449	0.5069749355316162	0.35254496335983276	0.6832474172115326	0.21021404805454133	0.020145932212471962	0.009954988956451416
26	V3AB	signed	368	7.752586841583252	0.8922963738441467	-0.2409832775592804	1.1332796514034271	0.32565654814243317	0.9135225737850196	0.022850114852190018	0.012193799018859863
27	V3AB	signed	528	1.7269752025604248	0.2404710352420807	0.5602298378944397	-0.319758802652359	0.4003504365682602	-0.22934196777636656	0.03274141624569893	0.014985769987106323
28	V3AB	signed	642	0.9134853482246399	-2.36398983001709	0.6014004945755005	-2.9653903245925903	-0.8812946677207947	-3.466610829049793	0.025073949247598648	0.011912018060684204
29	V3AB	signed	454	2.564818859100342	0.7773426175117493	0.8396072387695312	-0.06226462125778198	0.8084749281406403	-0.03443275435421121	0.026710476726293564	0.018212109804153442
30	V3AB	signed	530	2.7827234268188477	0.37819311022758484	0.1549844592809677	0.22320865094661713	0.2665887847542763	0.17668641210394892	0.04101400822401047	0.025258541107177734
1	hV4	signed	555	1.1107006072998047	2.4511029720306396	2.968719244003296	-0.5176162719726562	2.7099111080169678	-0.1397495520990322	0.06099219247698784	0.03539681434631348
2	hV4	signed	461	1.472504734992981	3.4777376651763916	3.7010276317596436	-0.22328996658325195	3.5893826484680176	-0.04866319644480919	0.04388115927577019	0.024406790733337402
3	hV4	signed	487	1.2219282388687134	0.728364109992981	1.3431671857833862	-0.6148030757904053	1.0357656478881836	-0.3043281524278874	0.0755872130393982	0.04393815994262695
4	hV4	signed	706	2.7335469722747803	0.17297424376010895	0.10300261527299881	0.06997162848711014	0.13798842951655388	0.061506500528552104	0.055692244321107864	0.025222569704055786
5	hV4	signed	550	6.238788604736328	-0.2193605899810791	0.11082706600427628	-0.3301876559853554	-0.05426676198840141	-0.35274678106082663	0.091823510825634	0.061722129583358765
6	hV4	signed	506	5.874882698059082	0.9396017789840698	-0.2967725694179535	1.2363743484020233	0.32141460478305817	1.0145576085893417	0.03601457178592682	0.018573641777038574
7	hV4	signed	644	1.5633680820465088	2.2024834156036377	-1.5831172466278076	3.7856006622314453	0.30968308448791504	4.159658849751235	0.04738816246390343	0.028057903051376343
8	hV4	signed	594	1.5886154174804688	1.0278898477554321	1.1591838598251343	-0.13129401206970215	1.0935368537902832	-0.06273453907065976	0.028268588706851006	0.016142189502716064
9	hV4	signed	699	3.2591071128845215	0.6079314351081848	-0.17715789377689362	0.7850893288850784	0.2153867706656456	0.6699394781912523	0.12530705332756042	0.09702610969543457
10	hV4	signed	605	3.850947856903076	0.05102851614356041	0.06196409463882446	-0.010935578495264053	0.056496305391192436	-0.010350889138562665	0.06706669181585312	0.03330773115158081
11	hV4	signed	426	1.7821588516235352	0.3229343891143799	0.17803096771240234	0.14490342140197754	0.2504826784133911	0.11600791813242324	0.08267174661159515	0.033120304346084595
12	hV4	signed	645	6.577285289764404	0.27999481558799744	-0.04827003926038742	0.32826485484838486	0.11586238816380501	0.2963299667150984	0.1144365444779396	0.060152411460876465
13	hV4	signed	604	1.7123894691467285	0.30929315090179443	0.2672939598560333	0.04199919104576111	0.2882935553789139	0.03260352518050664	0.06217163801193237	0.028465181589126587
14	hV4	signed	430	1.4792320728302002	1.3572059869766235	1.5612660646438599	-0.20406007766723633	1.4592360258102417	-0.08302467889391797	0.045120660215616226	0.02456080913543701
15	hV4	signed	472	2.0226309299468994	0.4026950001716614	0.5324065685272217	-0.1297115683555603	0.46755078434944153	-0.08844403396096233	0.06396757811307907	0.027639061212539673
16	hV4	signed	542	7.825796127319336	-0.8146371841430664	0.3260664641857147	-1.1407036483287811	-0.24428535997867584	-1.9676572220143478	0.04596935212612152	0.024377554655075073
17	hV4	signed	593	5.7558064460754395	-0.4978746175765991	0.21738381683826447	-0.7152584344148636	-0.14024540036916733	-0.8856095684658787	0.08172502368688583	0.044109344482421875
18	hV4	signed	453	1.9422221183776855	0.7855603694915771	0.7425037622451782	0.043056607246398926	0.7640320658683777	0.024409275695470703	0.03180483728647232	0.018465757369995117
19	hV4	signed	534	2.946258068084717	0.13693706691265106	0.07705555111169815	0.05988151580095291	0.1069963090121746	0.054106886780750874	0.05734214186668396	0.0270194411277771
20	hV4	signed	614	1.778646469116211	0.7907723784446716	0.1776101440191269	0.6131622344255447	0.48419126123189926	0.41915994002064527	0.0299844890832901	0.01715993881225586
21	hV4	signed	590	1.6660714149475098	0.026601528748869896	0.7492449879646301	-0.7226434592157602	0.38792325835675	-0.5329303991108282	0.0851564109325409	0.05353593826293945
22	hV4	signed	452	2.3461790084838867	0.19692417979240417	0.17378008365631104	0.02314409613609314	0.1853521317243576	0.01952570111867648	0.06977333128452301	0.03166690468788147
23	hV4	signed	584	5.5227885246276855	-0.18264906108379364	0.13036194443702698	-0.3130110055208206	-0.02614355832338333	-0.3242246168025925	0.08981626480817795	0.04466119408607483
24	hV4	signed	349	1.8721487522125244	-0.0015635795425623655	0.18223454058170319	-0.18379812012426555	0.09033548051957041	-0.16897112939672376	0.08682473748922348	0.0528491735458374
25	hV4	signed	313	5.833235740661621	0.6516103744506836	-0.04689129441976547	0.6985016688704491	0.30235954001545906	0.5497771115819982	0.033645521849393845	0.012322068214416504
26	hV4	signed	495	2.0701406002044678	0.5214383602142334	0.38617825508117676	0.13526010513305664	0.4538083076477051	0.09310567335536633	0.05270853638648987	0.023269712924957275
27	hV4	signed	367	1.4683730602264404	0.2702579200267792	1.1625416278839111	-0.892283707857132	0.7163997739553452	-0.5320642430406745	0.03312644362449646	0.019210457801818848
28	hV4	signed	281	2.057603597640991	1.4593151807785034	2.0876684188842773	-0.6283532381057739	1.7734917998313904	-0.2275333197013501	0.02664215676486492	0.014822661876678467
29	hV4	signed	544	1.9490119218826294	0.24231648445129395	0.38237664103507996	-0.140060156583786	0.31234656274318695	-0.10682645207611857	0.04313251003623009	0.022677689790725708
30	hV4	signed	652	2.062392473220825	0.017036136239767075	0.26404109597206116	-0.24700495973229408	0.14053861610591412	-0.2174211592046015	0.059567224234342575	0.035351723432540894
1	LO	signed	682	2.1225733757019043	0.06756778061389923	0.32664892077445984	-0.2590811401605606	0.19710835069417953	-0.2172731954128963	0.12512166798114777	0.08237192034721375
2	LO	signed	680	1.3212565183639526	0.8694930076599121	0.8436943888664246	0.02579861879348755	0.8565936982631683	0.013895896528320968	0.10536550730466843	0.0552983283996582
3	LO	signed	679	4.394222736358643	0.17694725096225739	-0.024204151704907417	0.2011514026671648	0.07637154962867498	0.18742589703652124	0.15497176349163055	0.07675886154174805
4	LO	signed	677	2.64353084564209	-0.07948782294988632	0.12142405658960342	-0.20091187953948975	0.02096811681985855	-0.19742440642184178	0.08552056550979614	0.0254938006401062
5	LO	signed	881	2.2248547077178955	-0.03367617353796959	0.17369817197322845	-0.20737434551119804	0.07001099921762943	-0.19441587149596257	0.09653528034687042	0.0361018180847168
6	LO	signed	533	3.3091330528259277	0.26989609003067017	0.02029069885611534	0.24960539117455482	0.14509339444339275	0.21884749267940676	0.07726169377565384	0.030497491359710693
7	LO	signed	901	1.6272599697113037	0.9439458250999451	-0.05542103573679924	0.9993668608367443	0.4442623946815729	0.7217358291362509	0.08483292162418365	0.03097134828567505
8	LO	signed	608	3.109480142593384	0.03850555047392845	0.0347626656293869	0.0037428848445415497	0.03663410805165768	0.0036106171711535826	0.05070400983095169	0.014552414417266846
9	LO	signed	971	1.5128581523895264	0.05603503808379173	-0.019304702058434486	0.07533974014222622	0.018365168012678623	0.07401483592667342	0.18911586701869965	0.12077265977859497
10	LO	signed	679	3.7559335231781006	0.08433825522661209	0.08346405625343323	0.0008741989731788635	0.08390115574002266	0.000806530204287971	0.09424332529306412	0.049096882343292236
11	LO	signed	633	5.2294020652771	-0.3036915957927704	0.18080592155456543	-0.4844975173473358	-0.06144283711910248	-0.5281597970167595	0.1325262039899826	0.06527078151702881
12	LO	signed	1044	2.904951572418213	0.12538020312786102	0.064437635242939	0.06094256788492203	0.09490891918540001	0.055674319224513484	0.13451695442199707	0.05752938985824585
13	LO	signed	674	6.839623928070068	0.30066296458244324	-0.05644248053431511	0.35710544511675835	0.12211024202406406	0.32097205933546674	0.09432925283908844	0.033074766397476196
14	LO	signed	531	2.55794358253479	-0.32107582688331604	0.21521617472171783	-0.5362920016050339	-0.0529298260807991	-0.5821678145569986	0.12449923157691956	0.05986356735229492
15	LO	signed	740	2.717736005783081	0.1799747347831726	0.043667856603860855	0.13630687817931175	0.11182129569351673	0.12275173322152302	0.1276482790708542	0.06180131435394287
16	LO	signed	422	6.4765305519104	0.5160188674926758	-0.1239134669303894	0.6399323344230652	0.1960527002811432	0.5483781435998138	0.04580379277467728	0.01635989546775818
17	LO	signed	789	4.314908981323242	0.24352994561195374	-0.0021871626377105713	0.2457171082496643	0.12067139148712158	0.22014362365704646	0.15101386606693268	0.09539377689361572
18	LO	signed	662	2.846214771270752	-0.05924474820494652	0.126789391040802	-0.18603413924574852	0.03377232141792774	-0.18044460881632923	0.05041803419589996	0.02030014991760254
19	LO	signed	653	2.125678777694702	0.39650556445121765	0.3080969750881195	0.08840858936309814	0.3523012697696686	0.06539970070219099	0.05478820204734802	0.02278304100036621
20	LO	signed	705	1.4860981702804565	0.9367308616638184	-0.22230097651481628	1.1590318381786346	0.35721494257450104	0.9124171177315951	0.04717960208654404	0.019165754318237305
21	LO	signed	740	2.489423990249634	-0.05931716412305832	0.16281923651695251	-0.22213640064001083	0.0517510361969471	-0.21199667912651865	0.12379474937915802	0.07348167896270752
22	LO	signed	479	1.2128978967666626	-0.4759448766708374	-0.4278859496116638	-0.048058927059173584	-0.4519154131412506	-0.08774148431402846	0.03523953631520271	0.016647517681121826
23	LO	signed	688	4.142242908477783	0.003703502006828785	0.07377884536981583	-0.07007534336298704	0.038741173688322306	-0.06748739716631935	0.10313444584608078	0.05857357382774353
24	LO	signed	647	4.428156852722168	0.15523338317871094	-0.014917773194611073	0.170151156373322	0.07015780499204993	0.15933254922388004	0.15069200098514557	0.08166658878326416
25	LO	signed	364	2.5458900928497314	0.16877713799476624	0.21984291076660156	-0.05106577277183533	0.1943100243806839	-0.04276406776209658	0.02068082056939602	0.00899273157119751
26	LO	signed	483	1.4942374229431152	0.9431470036506653	0.8232018351554871	0.11994516849517822	0.8831744194030762	0.06371462010775517	0.059275705367326736	0.025272071361541748
27	LO	signed	501	7.93966007232666	0.34320560097694397	-0.06713321805000305	0.410338819026947	0.13803619146347046	0.3645518695971261	0.04848012328147888	0.02273869514465332
28	LO	signed	604	2.2119140625	0.40140125155448914	0.9061367511749268	-0.5047354996204376	0.653769001364708	-0.3076059203607611	0.02146228961646557	0.011956840753555298
29	LO	signed	535	4.703382968902588	0.30487751960754395	-0.008545933291316032	0.31342345289886	0.14816579315811396	0.27469184083000664	0.0989321693778038	0.050531089305877686
30	LO	signed	584	3.2922348976135254	0.1270138919353485	0.10998594015836716	0.017027951776981354	0.11849991604685783	0.01522421273488707	0.13937456905841827	0.09085378050804138
1	TO	signed	525	0.944485604763031	3.544301748275757	4.638791084289551	-1.094489336013794	4.091546416282654	-0.2157956106926232	0.060485824942588806	0.03845512866973877
2	TO	signed	331	1.5706747770309448	2.7656545639038086	2.687955856323242	0.0776987075805664	2.7268052101135254	0.020849365016244122	0.0321674570441246	0.01763099431991577
3	TO	signed	646	3.92938232421875	0.049946147948503494	0.016612153500318527	0.03333399444818497	0.03327915072441101	0.03226319418033266	0.057276852428913116	0.034779250621795654
4	TO	signed	481	1.0310556888580322	-0.3733481764793396	-1.6474757194519043	1.2741275429725647	-1.010411947965622	2.528368075575938	0.02997026965022087	0.013516902923583984
5	TO	signed	588	2.8160319328308105	0.20129279792308807	0.29470232129096985	-0.09340952336788177	0.24799755960702896	-0.07488249250758466	0.039786599576473236	0.021797746419906616
6	TO	signed	380	4.294900417327881	-0.07214443385601044	0.12046932429075241	-0.19261375814676285	0.024162445217370987	-0.1886268353199	0.02759692259132862	0.013230860233306885
7	TO	signed	536	1.197758436203003	2.1842799186706543	1.8784449100494385	0.3058350086212158	2.0313624143600464	0.10097599174566943	0.04115058481693268	0.015772491693496704
8	TO	signed	451	5.000832557678223	0.6883895397186279	-0.21376128494739532	0.9021508246660233	0.2373141273856163	0.7642699634707217	0.020239481702446938	0.012028098106384277
9	TO	signed	576	3.119086265563965	-0.05703505873680115	0.027287114411592484	-0.08432217314839363	-0.014873972162604332	-0.08564763291678998	0.06712475419044495	0.033665746450424194
10	TO	signed	640	2.3523998260498047	-0.0417926050722599	0.22631388902664185	-0.26810649409890175	0.09226064197719097	-0.24670386872606528	0.04013300687074661	0.019258767366409302
11	TO	signed	323	5.750762939453125	-0.7180771827697754	0.32602831721305847	-1.0441054999828339	-0.19602443277835846	-1.548310190171199	0.04014407470822334	0.019032180309295654
12	TO	signed	830	8.653098106384277	0.4148233234882355	-0.06199515238404274	0.4768184758722782	0.17641408555209637	0.41100482552914497	0.07812655717134476	0.0478518009185791
13	TO	signed	581	1.2693394422531128	-0.7755755186080933	-0.3338128328323364	-0.44176268577575684	-0.5546941757202148	-1.0880313980318652	0.07089883089065552	0.03623056411743164
14	TO	signed	230	1.6385995149612427	1.0940234661102295	1.4012560844421387	-0.3072326183319092	1.247639775276184	-0.1369046502200025	0.02558382973074913	0.015265345573425293
15	TO	signed	566	2.6855313777923584	-0.12567749619483948	0.10897243022918701	-0.2346499264240265	-0.008352532982826233	-0.23773982193212	0.05861736461520195	0.027825623750686646
16	TO	signed	423	2.0432660579681396	0.38019660115242004	-0.09472354501485825	0.4749201461672783	0.1427365280687809	0.42174086043373105	0.037918563932180405	0.019715428352355957
17	TO	signed	527	2.257859945297241	0.35073646903038025	0.31410300731658936	0.036633461713790894	0.3324197381734848	0.027495667152735832	0.057452570647001266	0.03000694513320923
18	TO	signed	561	1.2474409341812134	-0.14283612370491028	-0.23150236904621124	0.08866624534130096	-0.18716924637556076	0.10919164091321207	0.04038771986961365	0.019390523433685303
19	TO	signed	399	2.3254997730255127	0.2943291664123535	0.271915465593338	0.022413700819015503	0.28312231600284576	0.017468537876677542	0.03107769414782524	0.01790684461593628
20	TO	signed	431	1.0320796966552734	1.9807380437850952	-1.083756685256958	3.0644947290420532	0.4484906792640686	4.087903209106914	0.01714935153722763	0.010315537452697754
21	TO	signed	668	3.1328752040863037	-0.12653939425945282	0.056485164910554886	-0.1830245591700077	-0.03502711467444897	-0.1902397659927399	0.04201910272240639	0.02538830041885376
22	TO	signed	296	5.941146373748779	1.2218068838119507	-0.3154207468032837	1.5372276306152344	0.4531930685043335	1.177271634810413	0.020363979041576385	0.010459184646606445
23	TO	signed	647	4.726796627044678	-0.06820548325777054	0.05251844972372055	-0.12072393298149109	-0.007843516767024994	-0.12182878005280377	0.044631484895944595	0.022720277309417725
24	TO	signed	594	7.578411102294922	0.10567639023065567	0.04323846474289894	0.06243792548775673	0.0744574274867773	0.05812748216951521	0.06076459586620331	0.03763538599014282
25	TO	signed	506	8.772806167602539	0.5950888991355896	-0.08663230389356613	0.6817212030291557	0.25422829762101173	0.5575462163204515	0.029871534556150436	0.013981223106384277
26	TO	signed	483	2.0487186908721924	0.4389331340789795	0.013101546093821526	0.42583158798515797	0.2260173400864005	0.35088549671131136	0.04362546280026436	0.022154569625854492
27	TO	signed	359	1.0047376155853271	-2.55355167388916	-1.5789686441421509	-0.9745830297470093	-2.0662601590156555	0.0	0.034016821533441544	0.01669532060623169
28	TO	signed	424	2.44816517829895	0.023005783557891846	0.3079971373081207	-0.2849913537502289	0.1655014604330063	-0.2457519239499735	0.045004721730947495	0.018302053213119507
29	TO	signed	467	8.04192066192627	0.20980288088321686	-0.014641450718045235	0.2244443316012621	0.09758071508258581	0.2052071325987644	0.0493365116417408	0.028377234935760498
30	TO	signed	284	4.718969345092773	-0.06197069212794304	0.20093020796775818	-0.2629009000957012	0.06947975791990757	-0.2470705152066381	0.04591123014688492	0.025885671377182007
1	VO	signed	344	0.8953070640563965	5.271984577178955	7.859847068786621	-2.587862491607666	6.565915822982788	-0.34543667955934027	0.026209957897663116	0.015551477670669556
2	VO	signed	286	0.6163951754570007	5.574466705322266	6.333307266235352	-0.7588405609130859	5.953886985778809	-0.1092331447620295	0.019461454823613167	0.013362407684326172
3	VO	signed	457	5.6699700355529785	0.19230350852012634	-0.010152077302336693	0.20245558582246304	0.09107571560889482	0.18609111856434546	0.04743561893701553	0.026602864265441895
4	VO	signed	456	2.5415821075439453	0.5830309987068176	0.10197295248508453	0.4810580462217331	0.3425019755959511	0.36223919655525755	0.020496660843491554	0.01139521598815918
5	VO	signed	473	2.2666361331939697	0.7529622316360474	0.9113211631774902	-0.15835893154144287	0.8321416974067688	-0.08648765068937886	0.0395665168762207	0.024364173412322998
6	VO	signed	178	8.180173873901367	4.444717884063721	5.968673229217529	-1.5239553451538086	5.206695556640625	-0.24677890904777333	0.01615658588707447	0.011250466108322144
7	VO	signed	408	0.49574342370033264	7.171359062194824	8.138729095458984	-0.9673700332641602	7.655044078826904	-0.11188608424152792	0.02696758694946766	0.016803056001663208
8	VO	signed	238	2.378140687942505	0.7561659812927246	1.0772751569747925	-0.32110917568206787	0.9167205691337585	-0.1679240010785632	0.015169261954724789	0.009630322456359863
9	VO	signed	589	5.5299391746521	0.5007862448692322	-0.1492985188961029	0.6500847637653351	0.17574386298656464	0.5676831319891898	0.05174826458096504	0.031995415687561035
10	VO	signed	367	1.9656175374984741	0.5328203439712524	0.6158382892608643	-0.08301794528961182	0.5743293166160583	-0.05274448599480666	0.03299092501401901	0.01710301637649536
11	VO	signed	328	4.270277976989746	-0.5239540338516235	0.343192458152771	-0.8671464920043945	-0.09038078784942627	-1.0372900738042485	0.022481411695480347	0.014807134866714478
12	VO	signed	589	2.299561023712158	0.7327095866203308	0.7332268953323364	-0.0005173087120056152	0.7329682409763336	-0.0002985102113328135	0.0361701063811779	0.0227319598197937
13	VO	signed	339	7.961438179016113	-1.4618148803710938	1.1153491735458374	-2.577164053916931	-0.17323285341262817	-3.7449521663008385	0.025282463058829308	0.015442430973052979
14	VO	signed	157	1.8400557041168213	2.0529892444610596	2.2773542404174805	-0.2243649959564209	2.16517174243927	-0.07091527206720434	0.017009936273097992	0.011091530323028564
15	VO	signed	323	2.4045486450195312	0.2867166996002197	0.4831276834011078	-0.19641098380088806	0.38492219150066376	-0.1420593777425692	0.02916491962969303	0.01548093557357788
16	VO	signed	308	1.1336530447006226	2.8591039180755615	3.429410457611084	-0.5703065395355225	3.1442571878433228	-0.1378314847046402	0.013550919480621815	0.00975877046585083
17	VO	signed	470	6.6182756423950195	-0.08666615188121796	0.11211647093296051	-0.19878262281417847	0.012725159525871277	-0.1969187350257479	0.02618456445634365	0.014484047889709473
18	VO	signed	427	2.022029161453247	0.45974743366241455	0.7778915762901306	-0.31814414262771606	0.6188195049762726	-0.19716472440464491	0.02590627409517765	0.016466915607452393
19	VO	signed	530	2.485633611679077	0.6478469371795654	0.7103791832923889	-0.06253224611282349	0.6791130602359772	-0.03724554129945982	0.022517163306474686	0.016788005828857422
20	VO	signed	496	1.475499153137207	1.4400112628936768	-0.16187232732772827	1.601883590221405	0.6390694677829742	1.0685874913150477	0.02063605934381485	0.013000309467315674
21	VO	signed	368	7.569592475891113	-1.0248019695281982	0.5611570477485657	-1.585959017276764	-0.23182246088981628	-3.441159517168665	0.03793168440461159	0.022852271795272827
22	VO	signed	178	2.0522239208221436	0.48554569482803345	0.42137908935546875	0.0641666054725647	0.4534623920917511	0.04415458601776463	0.028352169319987297	0.01092180609703064
23	VO	signed	394	1.9453556537628174	0.17792338132858276	0.5702115893363953	-0.3922882080078125	0.374067485332489	-0.2874573387603531	0.023920059204101562	0.013721346855163574
24	VO	signed	344	2.067899703979492	0.13131044805049896	0.3404962122440338	-0.20918576419353485	0.2359033301472664	-0.16966320371548077	0.04730001837015152	0.03165522217750549
25	VO	signed	113	2.0786943435668945	1.0151610374450684	1.0960516929626465	-0.08089065551757812	1.0556063652038574	-0.03935631729485103	0.010023091919720173	0.007391095161437988
26	VO	signed	123	5.250961780548096	-2.6952648162841797	1.0172783136367798	-3.7125431299209595	-0.8389932513237	-3.6974815069619296	0.008706430904567242	0.0072748661041259766
27	VO	signed	167	2.372671127319336	0.9759482145309448	1.5897265672683716	-0.6137783527374268	1.2828373908996582	-0.27050390589394624	0.01303296908736229	0.010270535945892334
28	VO	signed	267	7.466739177703857	-0.25315290689468384	0.2903645634651184	-0.5435174703598022	0.018605828285217285	-0.546819595225208	0.024820534512400627	0.012513399124145508
29	VO	signed	268	9.505402565002441	1.172102928161621	0.049303796142339706	1.1227991320192814	0.6107033621519804	0.7275688966445474	0.021046960726380348	0.013407409191131592
30	VO	signed	270	1.7241041660308838	1.2080038785934448	1.4686177968978882	-0.26061391830444336	1.3383108377456665	-0.11156951258711278	0.027404533699154854	0.01868298649787903
