subject	roi	distractor	n_trials	n_voxels	mean_beta	sem_beta
1	V1	lower_left	120	2651	0.7102301120758057	0.05905619389967299
1	V1	lower_right	168	2651	0.5972176790237427	0.040107911059126984
1	V1	no_distractor	144	2651	0.703339159488678	0.046816080808639526
1	V1	upper_left	72	2651	0.5559871196746826	0.0700227951894236
1	V1	upper_right	216	2651	0.5802791118621826	0.03817334362534285
1	V2	lower_left	120	2116	0.2869463264942169	0.04244509782390225
1	V2	lower_right	168	2116	0.19249756634235382	0.03013435176046611
1	V2	no_distractor	144	2116	0.2071770280599594	0.03773233791192373
1	V2	upper_left	72	2116	0.20807303488254547	0.051113481652228086
1	V2	upper_right	216	2116	0.17467668652534485	0.031169857759760538
1	V3	lower_left	120	1606	0.2568551003932953	0.04533123076548236
1	V3	lower_right	168	1606	0.1331121027469635	0.03451924618616608
1	V3	no_distractor	144	1606	0.1285533607006073	0.04049579302469889
1	V3	upper_left	72	1606	0.15849865972995758	0.06121746857405287
1	V3	upper_right	216	1606	0.1386832296848297	0.03417246293172751
1	V3AB	lower_left	120	1516	0.5010626316070557	0.05111378039331237
1	V3AB	lower_right	168	1516	0.3702530264854431	0.038219611681024446
1	V3AB	no_distractor	144	1516	0.4393117129802704	0.04133146752913793
1	V3AB	upper_left	72	1516	0.49517524242401123	0.06473868322869353
1	V3AB	upper_right	216	1516	0.43743765354156494	0.03420023150434415
1	hV4	lower_left	120	736	0.2981377840042114	0.03633195301061181
1	hV4	lower_right	168	736	0.2470531016588211	0.0302642828527732
1	hV4	no_distractor	144	736	0.2927080988883972	0.033971590300401054
1	hV4	upper_left	72	736	0.29587268829345703	0.04990639591087608
1	hV4	upper_right	216	736	0.257729709148407	0.02851238467687815
1	LO	lower_left	120	1080	0.429985910654068	0.04892949670204206
1	LO	lower_right	168	1080	0.35543882846832275	0.04476776256797049
1	LO	no_distractor	144	1080	0.4185611605644226	0.0465011994043986
1	LO	upper_left	72	1080	0.41671523451805115	0.06958753766037686
1	LO	upper_right	216	1080	0.3574153184890747	0.03996183112534306
1	TO	lower_left	120	934	0.1874575912952423	0.04216515144122429
1	TO	lower_right	168	934	0.16402509808540344	0.037106776213495105
1	TO	no_distractor	144	934	0.20979240536689758	0.03849965830643972
1	TO	upper_left	72	934	0.1904633343219757	0.06077010085053399
1	TO	upper_right	216	934	0.18172667920589447	0.032214407476465985
1	VO	lower_left	120	724	0.5312775373458862	0.0428493387681488
1	VO	lower_right	168	724	0.4850030243396759	0.03536539514938053
1	VO	no_distractor	144	724	0.4971480369567871	0.03907052427530289
1	VO	upper_left	72	724	0.5718580484390259	0.055587134301755305
1	VO	upper_right	216	724	0.5357157588005066	0.029402256509063043
2	V1	lower_left	120	1617	0.16762495040893555	0.026027697983384415
2	V1	lower_right	72	1617	0.14723142981529236	0.03548465050769113
2	V1	no_distractor	144	1617	0.14907385408878326	0.023772574961185455
2	V1	upper_left	168	1617	0.11923378705978394	0.02470439600722944
2	V1	upper_right	216	1617	0.18219365179538727	0.02135915454275135
2	V2	lower_left	120	1460	0.11555778235197067	0.019382995113927468
2	V2	lower_right	72	1460	0.11059007048606873	0.027670728404773963
2	V2	no_distractor	144	1460	0.12435664236545563	0.017004777987798054
2	V2	upper_left	168	1460	0.09167175740003586	0.017863059193950075
2	V2	upper_right	216	1460	0.1246982142329216	0.01551718645944767
2	V3	lower_left	120	1438	0.04435240849852562	0.017146317375904933
2	V3	lower_right	72	1438	0.03804340586066246	0.02280803927006694
2	V3	no_distractor	144	1438	0.025579117238521576	0.015637536843617756
2	V3	upper_left	168	1438	-0.0010680302511900663	0.015184357359083123
2	V3	upper_right	216	1438	0.034328654408454895	0.013219395881365559
2	V3AB	lower_left	120	1454	-0.01438719592988491	0.016792768763518814
2	V3AB	lower_right	72	1454	-0.08835576474666595	0.025220784784396332
2	V3AB	no_distractor	144	1454	-0.028281714767217636	0.01576508829991023
2	V3AB	upper_left	168	1454	-0.026940617710351944	0.014984163135517896
2	V3AB	upper_right	216	1454	-0.028952620923519135	0.01332816153155724
2	hV4	lower_left	120	769	0.03700164332985878	0.02035336572423246
2	hV4	lower_right	72	769	-0.010145486332476139	0.027393173846142847
2	hV4	no_distractor	144	769	0.026262832805514336	0.017594635486602783
2	hV4	upper_left	168	769	0.01675453782081604	0.017395393255430543
2	hV4	upper_right	216	769	-0.004568788688629866	0.013313915284520715
2	LO	lower_left	120	957	0.007814816199243069	0.03289651847245873
2	LO	lower_right	72	957	-0.028992192819714546	0.04387302537521834
2	LO	no_distractor	144	957	0.02830185554921627	0.028021601339181263
2	LO	upper_left	168	957	-0.03021990694105625	0.028252812321689746
2	LO	upper_right	216	957	-0.006411236245185137	0.02368164260368612
2	TO	lower_left	120	812	0.03180504962801933	0.01372333759518528
2	TO	lower_right	72	812	0.003934434615075588	0.02270080539462441
2	TO	no_distractor	144	812	0.061982352286577225	0.013441402465105057
2	TO	upper_left	168	812	0.027449075132608414	0.014045470832858013
2	TO	upper_right	216	812	0.032282620668411255	0.010575602277880854
2	VO	lower_left	120	611	0.054129306226968765	0.016751242023137897
2	VO	lower_right	72	611	0.016277141869068146	0.02635598731949432
2	VO	no_distractor	144	611	0.030928751453757286	0.01584234709541003
2	VO	upper_left	168	611	0.03591923043131828	0.01715707895224332
2	VO	upper_right	216	611	0.033648960292339325	0.013230649108599094
3	V1	lower_left	144	1668	0.015262303873896599	0.030352150400479633
3	V1	lower_right	144	1668	0.03155876696109772	0.03294063111146291
3	V1	no_distractor	144	1668	0.026502758264541626	0.03314778953790665
3	V1	upper_left	144	1668	-0.08633963763713837	0.03220508247613907
3	V1	upper_right	144	1668	-0.011312568560242653	0.0348277340332667
3	V2	lower_left	144	1488	0.038504116237163544	0.022806279361248016
3	V2	lower_right	144	1488	0.05778898298740387	0.026027125616868336
3	V2	no_distractor	144	1488	0.06995165348052979	0.022685440878073376
3	V2	upper_left	144	1488	-0.023815296590328217	0.02442667881647746
3	V2	upper_right	144	1488	0.010147602297365665	0.02862178534269333
3	V3	lower_left	144	1342	0.18613028526306152	0.02764223764340083
3	V3	lower_right	144	1342	0.20095834136009216	0.03416417787472407
3	V3	no_distractor	144	1342	0.24981355667114258	0.031445796291033425
3	V3	upper_left	144	1342	0.13095051050186157	0.02954106032848358
3	V3	upper_right	144	1342	0.15744537115097046	0.03461060424645742
3	V3AB	lower_left	144	1243	0.271430104970932	0.02603400746981303
3	V3AB	lower_right	144	1243	0.23262745141983032	0.029787984987099964
3	V3AB	no_distractor	144	1243	0.26615530252456665	0.027438466747601826
3	V3AB	upper_left	144	1243	0.22829389572143555	0.02826436112324397
3	V3AB	upper_right	144	1243	0.26005473732948303	0.028959016005198162
3	hV4	lower_left	144	593	0.5414291024208069	0.026823098460833233
3	hV4	lower_right	144	593	0.5559666752815247	0.030089102685451508
3	hV4	no_distractor	144	593	0.5698387622833252	0.03190693259239197
3	hV4	upper_left	144	593	0.541545033454895	0.028615273535251617
3	hV4	upper_right	144	593	0.5687403082847595	0.031682804226875305
3	LO	lower_left	144	844	0.16809765994548798	0.044360016783078514
3	LO	lower_right	144	844	0.1576540768146515	0.049534574151039124
3	LO	no_distractor	144	844	0.23464271426200867	0.049390703439712524
3	LO	upper_left	144	844	0.10616369545459747	0.04244631032148997
3	LO	upper_right	144	844	0.135300874710083	0.045335556070009865
3	TO	lower_left	144	850	0.17079681158065796	0.02967984229326248
3	TO	lower_right	144	850	0.14795991778373718	0.03302454948425293
3	TO	no_distractor	144	850	0.19277885556221008	0.03381634255250295
3	TO	upper_left	144	850	0.13759568333625793	0.030320982138315838
3	TO	upper_right	144	850	0.14950960874557495	0.032929256558418274
3	VO	lower_left	144	558	0.5369384288787842	0.030716458956400555
3	VO	lower_right	144	558	0.5099837779998779	0.03980118532975515
3	VO	no_distractor	144	558	0.5437366962432861	0.04022995134194692
3	VO	upper_left	144	558	0.5102576017379761	0.03847831984361013
3	VO	upper_right	144	558	0.5158378481864929	0.041083248953024544
4	V1	lower_left	144	2734	0.13147851824760437	0.03367950270573298
4	V1	lower_right	144	2734	0.2020447701215744	0.040589978297551475
4	V1	no_distractor	144	2734	0.13467925786972046	0.04237040877342224
4	V1	upper_left	144	2734	0.13714934885501862	0.047401840488115944
4	V1	upper_right	144	2734	0.17915566265583038	0.03586783756812414
4	V2	lower_left	144	2268	0.01153964176774025	0.026287148396174114
4	V2	lower_right	144	2268	0.05204656347632408	0.02960835148890813
4	V2	no_distractor	144	2268	0.006065333727747202	0.029934386412302654
4	V2	upper_left	144	2268	0.012974386103451252	0.031190291047096252
4	V2	upper_right	144	2268	-0.0016002522315829992	0.026598962644735973
4	V3	lower_left	144	1763	-0.013519895263016224	0.02332967271407445
4	V3	lower_right	144	1763	0.011859269812703133	0.028038586179415386
4	V3	no_distractor	144	1763	-0.004392582457512617	0.029770009219646454
4	V3	upper_left	144	1763	-0.0275742094963789	0.029094758133093517
4	V3	upper_right	144	1763	-0.028676874935626984	0.02568959693113963
4	V3AB	lower_left	144	1504	0.09696894139051437	0.027150521675745647
4	V3AB	lower_right	144	1504	0.0866750106215477	0.02893841763337453
4	V3AB	no_distractor	144	1504	0.044610925018787384	0.031747606893380485
4	V3AB	upper_left	144	1504	0.06804636865854263	0.032127601404984794
4	V3AB	upper_right	144	1504	0.05029771476984024	0.026575555404027302
4	hV4	lower_left	144	990	0.335165798664093	0.027371704578399658
4	hV4	lower_right	144	990	0.3311115503311157	0.031062118709087372
4	hV4	no_distractor	144	990	0.34246522188186646	0.03243447343508402
4	hV4	upper_left	144	990	0.32396605610847473	0.034886601070562996
4	hV4	upper_right	144	990	0.2858313024044037	0.03056679666042328
4	LO	lower_left	144	1065	0.17477472126483917	0.03154084583123525
4	LO	lower_right	144	1065	0.14122170209884644	0.03464852770169576
4	LO	no_distractor	144	1065	0.14330138266086578	0.03790595382452011
4	LO	upper_left	144	1065	0.14365921914577484	0.03825680911540985
4	LO	upper_right	144	1065	0.11016526073217392	0.032999105751514435
4	TO	lower_left	144	979	0.20141541957855225	0.03155086934566498
4	TO	lower_right	144	979	0.1488090604543686	0.029437710841496784
4	TO	no_distractor	144	979	0.2322271168231964	0.03519759327173233
4	TO	upper_left	144	979	0.18617285788059235	0.033714967469374336
4	TO	upper_right	144	979	0.17172883450984955	0.031063924233118694
4	VO	lower_left	144	845	0.653571367263794	0.03401947766542435
4	VO	lower_right	144	845	0.682435154914856	0.03834893306096395
4	VO	no_distractor	144	845	0.6572783589363098	0.04300763209660848
4	VO	upper_left	144	845	0.6578578948974609	0.04189703861872355
4	VO	upper_right	144	845	0.6332894563674927	0.03554857522249222
5	V1	lower_left	144	2097	-0.030832387506961823	0.043793742855389915
5	V1	lower_right	144	2097	-0.03460521623492241	0.040268078446388245
5	V1	no_distractor	144	2097	-0.000848298252094537	0.04103114455938339
5	V1	upper_left	144	2097	-0.043732091784477234	0.032732345163822174
5	V1	upper_right	144	2097	0.04441643878817558	0.03915888319412867
5	V2	lower_left	144	1726	-0.11373620480298996	0.042341490586598717
5	V2	lower_right	144	1726	-0.11153478175401688	0.03871895372867584
5	V2	no_distractor	144	1726	-0.08563228696584702	0.043082088232040405
5	V2	upper_left	144	1726	-0.13278770446777344	0.032439048091570534
5	V2	upper_right	144	1726	-0.02010597661137581	0.038262851536273956
5	V3	lower_left	144	1293	-0.03715132921934128	0.043421020110448204
5	V3	lower_right	144	1293	-0.028730634599924088	0.0430775930484136
5	V3	no_distractor	144	1293	0.005226155277341604	0.045105824867884316
5	V3	upper_left	144	1293	-0.052396733313798904	0.03824196010828018
5	V3	upper_right	144	1293	0.06590422987937927	0.04148531456788381
5	V3AB	lower_left	144	1496	0.4086110591888428	0.04433121780554453
5	V3AB	lower_right	144	1496	0.3248589336872101	0.04903094470500946
5	V3AB	no_distractor	144	1496	0.37617018818855286	0.04444386065006256
5	V3AB	upper_left	144	1496	0.31434640288352966	0.037409799794356026
5	V3AB	upper_right	144	1496	0.4324513375759125	0.04221607247988383
5	hV4	lower_left	144	613	0.618550181388855	0.05872824788093567
5	hV4	lower_right	144	613	0.6280907392501831	0.06025748451550802
5	hV4	no_distractor	144	613	0.6978189945220947	0.06269465883572896
5	hV4	upper_left	144	613	0.5967085361480713	0.0602874755859375
5	hV4	upper_right	144	613	0.6710941791534424	0.06361815830071767
5	LO	lower_left	144	1166	0.20396868884563446	0.043410688638687134
5	LO	lower_right	144	1166	0.14036549627780914	0.044116621216138206
5	LO	no_distractor	144	1166	0.1883050799369812	0.04262146850426992
5	LO	upper_left	144	1166	0.16920813918113708	0.04107671479384104
5	LO	upper_right	144	1166	0.2542915344238281	0.04322068393230438
5	TO	lower_left	144	895	0.42787033319473267	0.05447334051132202
5	TO	lower_right	144	895	0.29568761587142944	0.05687675873438517
5	TO	no_distractor	144	895	0.37934350967407227	0.04710511863231659
5	TO	upper_left	144	895	0.32597291469573975	0.049031153321266174
5	TO	upper_right	144	895	0.4063083231449127	0.04938081403573354
5	VO	lower_left	144	649	1.0409303903579712	0.05360262095928192
5	VO	lower_right	144	649	0.9950964450836182	0.055225501457850136
5	VO	no_distractor	144	649	1.058856725692749	0.04737251500288645
5	VO	upper_left	144	649	1.025876760482788	0.04889558255672455
5	VO	upper_right	144	649	1.0912160873413086	0.04760869344075521
6	V1	lower_left	144	2134	0.2784523367881775	0.03818588455518087
6	V1	lower_right	144	2134	0.3297114968299866	0.03585007538398107
6	V1	no_distractor	144	2134	0.2956821620464325	0.039316986997922264
6	V1	upper_left	144	2134	0.3273822069168091	0.03930251797040304
6	V1	upper_right	144	2134	0.278342604637146	0.03427906334400177
6	V2	lower_left	144	1929	0.13791781663894653	0.026804362734158833
6	V2	lower_right	144	1929	0.18840360641479492	0.02555340776840846
6	V2	no_distractor	144	1929	0.18215759098529816	0.02866768588622411
6	V2	upper_left	144	1929	0.150407612323761	0.029769438008467358
6	V2	upper_right	144	1929	0.11868754774332047	0.028242630263169605
6	V3	lower_left	144	1695	0.04464313015341759	0.026541675130526226
6	V3	lower_right	144	1695	0.05177962779998779	0.02383535106976827
6	V3	no_distractor	144	1695	0.09683406352996826	0.02853570133447647
6	V3	upper_left	144	1695	0.0332675464451313	0.0251532644033432
6	V3	upper_right	144	1695	-0.002844212343916297	0.0256737619638443
6	V3AB	lower_left	144	1344	-0.01538411807268858	0.024883848925431568
6	V3AB	lower_right	144	1344	-0.023374957963824272	0.023660019040107727
6	V3AB	no_distractor	144	1344	-0.02599193900823593	0.02324196696281433
6	V3AB	upper_left	144	1344	-0.030925104394555092	0.02634238948424657
6	V3AB	upper_right	144	1344	-0.040774837136268616	0.02711151788632075
6	hV4	lower_left	144	806	0.3466298580169678	0.03793925295273463
6	hV4	lower_right	144	806	0.35741376876831055	0.03587650259335836
6	hV4	no_distractor	144	806	0.360973596572876	0.04269483188788096
6	hV4	upper_left	144	806	0.3018287420272827	0.03813988963762919
6	hV4	upper_right	144	806	0.26053106784820557	0.03704720735549927
6	LO	lower_left	144	1046	0.07505544275045395	0.03595048189163208
6	LO	lower_right	144	1046	0.09699695557355881	0.03073231875896454
6	LO	no_distractor	144	1046	0.17256395518779755	0.0356402521332105
6	LO	upper_left	144	1046	0.03442981839179993	0.032054439187049866
6	LO	upper_right	144	1046	0.03660641238093376	0.031040045122305553
6	TO	lower_left	144	914	0.09555309265851974	0.029144056141376495
6	TO	lower_right	144	914	0.07581271976232529	0.025238148868083954
6	TO	no_distractor	144	914	0.1397119164466858	0.0271052544315656
6	TO	upper_left	144	914	0.04633886739611626	0.027119241654872894
6	TO	upper_right	144	914	0.0674717053771019	0.025880975027879078
6	VO	lower_left	144	404	0.16590391099452972	0.03115100661913554
6	VO	lower_right	144	404	0.18018466234207153	0.029491869111855824
6	VO	no_distractor	144	404	0.13947871327400208	0.03218759596347809
6	VO	upper_left	144	404	0.15727323293685913	0.034675389528274536
6	VO	upper_right	144	404	0.09579593688249588	0.032801516354084015
7	V1	lower_left	144	2375	0.11536494642496109	0.0610676904519399
7	V1	lower_right	144	2375	0.2421807199716568	0.08786783615748088
7	V1	no_distractor	144	2375	0.09528016299009323	0.07975260416666667
7	V1	upper_left	144	2375	0.006435566581785679	0.08245405554771423
7	V1	upper_right	144	2375	0.20032918453216553	0.06444501380125682
7	V2	lower_left	144	2227	0.0006288894219323993	0.04107299695412318
7	V2	lower_right	144	2227	0.04699643328785896	0.045964365204175316
7	V2	no_distractor	144	2227	-0.011975479312241077	0.04271842539310455
7	V2	upper_left	144	2227	-0.04481055960059166	0.0489116907119751
7	V2	upper_right	144	2227	0.041092436760663986	0.04638507465521494
7	V3	lower_left	144	1790	0.2963806390762329	0.052316248416900635
7	V3	lower_right	144	1790	0.3841404318809509	0.05988165239493052
7	V3	no_distractor	144	1790	0.2579280734062195	0.0522131472826004
7	V3	upper_left	144	1790	0.2958812713623047	0.06594353914260864
7	V3	upper_right	144	1790	0.229575052857399	0.04578189551830292
7	V3AB	lower_left	144	1640	0.15114672482013702	0.057756771643956505
7	V3AB	lower_right	144	1640	0.13176435232162476	0.054073765873909
7	V3AB	no_distractor	144	1640	0.060786858201026917	0.04953304926554362
7	V3AB	upper_left	144	1640	0.07937008142471313	0.04225135842959086
7	V3AB	upper_right	144	1640	0.15209750831127167	0.03893898179133733
7	hV4	lower_left	144	838	1.0684833526611328	0.11867064237594604
7	hV4	lower_right	144	838	1.0748778581619263	0.1816938320795695
7	hV4	no_distractor	144	838	1.0098230838775635	0.1314764122168223
7	hV4	upper_left	144	838	1.0691038370132446	0.16031241416931152
7	hV4	upper_right	144	838	0.752796471118927	0.10142725706100464
7	LO	lower_left	144	1391	0.2454269677400589	0.05513790746529897
7	LO	lower_right	144	1391	0.3320329189300537	0.06664301455020905
7	LO	no_distractor	144	1391	0.3462376594543457	0.06390673418839772
7	LO	upper_left	144	1391	0.3332003057003021	0.07191538314024608
7	LO	upper_right	144	1391	0.22303730249404907	0.04961019257704417
7	TO	lower_left	144	1123	0.34102413058280945	0.03165176510810852
7	TO	lower_right	144	1123	0.3512190282344818	0.03926156212886175
7	TO	no_distractor	144	1123	0.2608911991119385	0.032322585582733154
7	TO	upper_left	144	1123	0.2890787124633789	0.038436003029346466
7	TO	upper_right	144	1123	0.293888121843338	0.031121375660101574
7	VO	lower_left	144	690	0.3599913716316223	0.0364844004313151
7	VO	lower_right	144	690	0.48773181438446045	0.04487540821234385
7	VO	no_distractor	144	690	0.3894934058189392	0.03244076669216156
7	VO	upper_left	144	690	0.4619947671890259	0.04004198561112086
7	VO	upper_right	144	690	0.39917469024658203	0.03493625670671463
9	V1	lower_left	144	2327	0.22537238895893097	0.04704126218954722
9	V1	lower_right	144	2327	0.2140391618013382	0.03935148815313975
9	V1	no_distractor	144	2327	0.2108178436756134	0.042753055691719055
9	V1	upper_left	144	2327	0.22332069277763367	0.044420093297958374
9	V1	upper_right	144	2327	0.2532569169998169	0.045026302337646484
9	V2	lower_left	144	2092	-0.0910324901342392	0.0361500084400177
9	V2	lower_right	144	2092	-0.058139827102422714	0.029810398817062378
9	V2	no_distractor	144	2092	-0.12479279935359955	0.03349425892035166
9	V2	upper_left	144	2092	-0.04345669224858284	0.03390261779228846
9	V2	upper_right	144	2092	-0.07515234500169754	0.03272674232721329
9	V3	lower_left	144	1916	-0.08047230541706085	0.03125918904940287
9	V3	lower_right	144	1916	-0.08692344278097153	0.026587769389152527
9	V3	no_distractor	144	1916	-0.12707315385341644	0.027956128120422363
9	V3	upper_left	144	1916	-0.08195764571428299	0.03029477596282959
9	V3	upper_right	144	1916	-0.11067834496498108	0.02740125109752019
9	V3AB	lower_left	144	1634	0.2680661678314209	0.032434187829494476
9	V3AB	lower_right	144	1634	0.1708652675151825	0.027233255406220753
9	V3AB	no_distractor	144	1634	0.17032961547374725	0.030098994572957356
9	V3AB	upper_left	144	1634	0.1924133002758026	0.0341098482410113
9	V3AB	upper_right	144	1634	0.15935832262039185	0.026242494583129883
9	hV4	lower_left	144	763	0.038931310176849365	0.04694912830988566
9	hV4	lower_right	144	763	-0.02359212189912796	0.037730750938256584
9	hV4	no_distractor	144	763	-0.0026920835953205824	0.044710506995519005
9	hV4	upper_left	144	763	-0.06137682497501373	0.0476672500371933
9	hV4	upper_right	144	763	-0.060500726103782654	0.04125994195540746
9	LO	lower_left	144	1279	0.1024961769580841	0.06137023866176605
9	LO	lower_right	144	1279	0.04132896289229393	0.06607694923877716
9	LO	no_distractor	144	1279	0.1036100685596466	0.06320204337437947
9	LO	upper_left	144	1279	0.01614277809858322	0.06434915959835052
9	LO	upper_right	144	1279	0.033573348075151443	0.062185789148012795
9	TO	lower_left	144	946	0.012574048712849617	0.03538417567809423
9	TO	lower_right	144	946	-0.017796054482460022	0.03213330606619517
9	TO	no_distractor	144	946	0.024970293045043945	0.03304669757684072
9	TO	upper_left	144	946	-0.03415165841579437	0.03892014672358831
9	TO	upper_right	144	946	-0.02530939131975174	0.030458832780520122
9	VO	lower_left	144	783	0.029705680906772614	0.036771093805631004
9	VO	lower_right	144	783	-0.10600204020738602	0.025825917720794678
9	VO	no_distractor	144	783	-0.10404267907142639	0.032252068320910134
9	VO	upper_left	144	783	-0.11724996566772461	0.036520215372244515
9	VO	upper_right	144	783	-0.1169377937912941	0.03178165853023529
10	V1	lower_left	144	2369	0.1202959343791008	0.03365017225344976
10	V1	lower_right	144	2369	0.09190643578767776	0.030439856151739757
10	V1	no_distractor	144	2369	0.12128738313913345	0.031994760036468506
10	V1	upper_left	144	2369	0.13250046968460083	0.03137793888648351
10	V1	upper_right	144	2369	0.05080422759056091	0.03198651224374771
10	V2	lower_left	144	1809	-0.09751509875059128	0.03627095619837443
10	V2	lower_right	144	1809	-0.14408326148986816	0.0336675097544988
10	V2	no_distractor	144	1809	-0.1222311407327652	0.03557747354110082
10	V2	upper_left	144	1809	-0.15369288623332977	0.03689029316107432
10	V2	upper_right	144	1809	-0.19598007202148438	0.03559149553378423
10	V3	lower_left	144	1462	0.06338058412075043	0.029903958241144817
10	V3	lower_right	144	1462	0.015302310697734356	0.02534622699022293
10	V3	no_distractor	144	1462	0.04869062080979347	0.02880645791689555
10	V3	upper_left	144	1462	0.03799080476164818	0.029544952015082043
10	V3	upper_right	144	1462	-0.03662833198904991	0.03181671847899755
10	V3AB	lower_left	144	1361	0.2751196622848511	0.028464749455451965
10	V3AB	lower_right	144	1361	0.29213210940361023	0.027786709368228912
10	V3AB	no_distractor	144	1361	0.2899268865585327	0.0304143230120341
10	V3AB	upper_left	144	1361	0.2787896394729614	0.02871572474638621
10	V3AB	upper_right	144	1361	0.2673035264015198	0.024339934190114338
10	hV4	lower_left	144	816	0.44212326407432556	0.034858268996079765
10	hV4	lower_right	144	816	0.45297208428382874	0.032962185641129814
10	hV4	no_distractor	144	816	0.4273078739643097	0.03680801888306936
10	hV4	upper_left	144	816	0.43267714977264404	0.03754912813504537
10	hV4	upper_right	144	816	0.3792147636413574	0.03537746767203013
10	LO	lower_left	144	1133	0.442821204662323	0.03667048364877701
10	LO	lower_right	144	1133	0.44922176003456116	0.03630699465672175
10	LO	no_distractor	144	1133	0.42497190833091736	0.03993254403273264
10	LO	upper_left	144	1133	0.4176842272281647	0.03821191440025965
10	LO	upper_right	144	1133	0.36988818645477295	0.03617819398641586
10	TO	lower_left	144	1196	0.2794564962387085	0.02791580557823181
10	TO	lower_right	144	1196	0.3053497076034546	0.026700899004936218
10	TO	no_distractor	144	1196	0.32330912351608276	0.02909078449010849
10	TO	upper_left	144	1196	0.2743304669857025	0.030300455788771313
10	TO	upper_right	144	1196	0.2913631796836853	0.02484158178170522
10	VO	lower_left	144	837	0.5298004746437073	0.03471738348404566
10	VO	lower_right	144	837	0.5338068604469299	0.02989267309506734
10	VO	no_distractor	144	837	0.5048224329948425	0.03577770541111628
10	VO	upper_left	144	837	0.5040570497512817	0.037305874129136406
10	VO	upper_right	144	837	0.44255930185317993	0.03461717069149017
11	V1	lower_left	144	1842	0.6773170828819275	0.03344639639059702
11	V1	lower_right	144	1842	0.5952575206756592	0.035338652630647026
11	V1	no_distractor	144	1842	0.6987446546554565	0.031899978717168175
11	V1	upper_left	144	1842	0.6113055348396301	0.029533738891283672
11	V1	upper_right	144	1842	0.6997795104980469	0.034806519746780396
11	V2	lower_left	144	1493	0.26426994800567627	0.018366371591885883
11	V2	lower_right	144	1493	0.20605523884296417	0.018584949274857838
11	V2	no_distractor	144	1493	0.24138996005058289	0.0177552526195844
11	V2	upper_left	144	1493	0.23618824779987335	0.018710702657699585
11	V2	upper_right	144	1493	0.2559017837047577	0.019084076086680096
11	V3	lower_left	144	1159	0.20639772713184357	0.025439202785491943
11	V3	lower_right	144	1159	0.14483514428138733	0.022443840901056927
11	V3	no_distractor	144	1159	0.18063372373580933	0.02411512037118276
11	V3	upper_left	144	1159	0.1849069446325302	0.026044651865959167
11	V3	upper_right	144	1159	0.2046739161014557	0.02449299395084381
11	V3AB	lower_left	144	926	0.5337790250778198	0.02744837353626887
11	V3AB	lower_right	144	926	0.49586358666419983	0.02684479703505834
11	V3AB	no_distractor	144	926	0.48722732067108154	0.026355745891729992
11	V3AB	upper_left	144	926	0.5138669610023499	0.028149954974651337
11	V3AB	upper_right	144	926	0.5264870524406433	0.026533665756384533
11	hV4	lower_left	144	558	0.3780940771102905	0.04097933073838552
11	hV4	lower_right	144	558	0.25225040316581726	0.03228203703959783
11	hV4	no_distractor	144	558	0.29009535908699036	0.03524106244246165
11	hV4	upper_left	144	558	0.30519723892211914	0.042460471391677856
11	hV4	upper_right	144	558	0.3681453466415405	0.036085245509942375
11	LO	lower_left	144	758	0.396989643573761	0.050507545471191406
11	LO	lower_right	144	758	0.3760780096054077	0.04561099410057068
11	LO	no_distractor	144	758	0.3902412950992584	0.05293678740660349
11	LO	upper_left	144	758	0.4724065065383911	0.053730045755704246
11	LO	upper_right	144	758	0.41677188873291016	0.04921260476112366
11	TO	lower_left	144	653	0.5747883319854736	0.029601693153381348
11	TO	lower_right	144	653	0.5662577748298645	0.0274986798564593
11	TO	no_distractor	144	653	0.5559108257293701	0.02981368949015935
11	TO	upper_left	144	653	0.5488801002502441	0.032374064127604164
11	TO	upper_right	144	653	0.574589192867279	0.03091806670029958
11	VO	lower_left	144	483	0.2764020264148712	0.03322808196147283
11	VO	lower_right	144	483	0.20829366147518158	0.029698361953099568
11	VO	no_distractor	144	483	0.23075741529464722	0.028984415034453075
11	VO	upper_left	144	483	0.22331444919109344	0.03281176338593165
11	VO	upper_right	144	483	0.26858821511268616	0.028414808213710785
12	V1	lower_left	144	2041	0.2586991786956787	0.035511198143164315
12	V1	lower_right	144	2041	0.2022516131401062	0.0414838840564092
12	V1	no_distractor	144	2041	0.11953257024288177	0.038905066748460136
12	V1	upper_left	144	2041	0.1777528077363968	0.04032933463652929
12	V1	upper_right	144	2041	0.21679146587848663	0.04277936120827993
12	V2	lower_left	144	1716	0.22608447074890137	0.028077376385529835
12	V2	lower_right	144	1716	0.16885162889957428	0.03556166589260101
12	V2	no_distractor	144	1716	0.16415797173976898	0.034983955323696136
12	V2	upper_left	144	1716	0.20008185505867004	0.02958781768878301
12	V2	upper_right	144	1716	0.2045719474554062	0.035531299809614815
12	V3	lower_left	144	1392	0.02747320756316185	0.032139199475447335
12	V3	lower_right	144	1392	-0.00829799473285675	0.03830398122469584
12	V3	no_distractor	144	1392	-0.022028086706995964	0.03596236308415731
12	V3	upper_left	144	1392	0.01298078428953886	0.03159791727860769
12	V3	upper_right	144	1392	0.06790322810411453	0.03538010517756144
12	V3AB	lower_left	144	1660	0.1537632942199707	0.019114335378011067
12	V3AB	lower_right	144	1660	0.131735697388649	0.02382625639438629
12	V3AB	no_distractor	144	1660	0.09787699580192566	0.022566092511018116
12	V3AB	upper_left	144	1660	0.10940677672624588	0.02123033006985982
12	V3AB	upper_right	144	1660	0.1616917997598648	0.021538955469926197
12	hV4	lower_left	144	793	0.45310986042022705	0.03153295318285624
12	hV4	lower_right	144	793	0.4405055642127991	0.031170092523097992
12	hV4	no_distractor	144	793	0.37533050775527954	0.036197381714979805
12	hV4	upper_left	144	793	0.399759978055954	0.031021282076835632
12	hV4	upper_right	144	793	0.49545779824256897	0.038849626978238426
12	LO	lower_left	144	1294	0.26127031445503235	0.03863441447416941
12	LO	lower_right	144	1294	0.2923175096511841	0.0439711461464564
12	LO	no_distractor	144	1294	0.214541494846344	0.046530723571777344
12	LO	upper_left	144	1294	0.2626914978027344	0.04242754479249319
12	LO	upper_right	144	1294	0.35357749462127686	0.046520491441090904
12	TO	lower_left	144	1021	0.266948401927948	0.03173165023326874
12	TO	lower_right	144	1021	0.31590741872787476	0.038546182215213776
12	TO	no_distractor	144	1021	0.20572282373905182	0.041093237698078156
12	TO	upper_left	144	1021	0.20553742349147797	0.04139156142870585
12	TO	upper_right	144	1021	0.31130826473236084	0.04227735102176666
12	VO	lower_left	144	890	0.48420587182044983	0.024503407378991444
12	VO	lower_right	144	890	0.47402921319007874	0.027116974194844563
12	VO	no_distractor	144	890	0.4015175402164459	0.023020672301451366
12	VO	upper_left	144	890	0.4685676395893097	0.025410614907741547
12	VO	upper_right	144	890	0.48334842920303345	0.02714756379524867
13	V1	lower_left	144	2586	0.22071854770183563	0.029561797777811687
13	V1	lower_right	144	2586	0.246477872133255	0.03307793786128362
13	V1	no_distractor	144	2586	0.23111312091350555	0.029077505071957905
13	V1	upper_left	144	2586	0.23610976338386536	0.026104196906089783
13	V1	upper_right	144	2586	0.304916650056839	0.02867063879966736
13	V2	lower_left	144	2069	0.09272732585668564	0.017971616238355637
13	V2	lower_right	144	2069	0.08361829072237015	0.02122938632965088
13	V2	no_distractor	144	2069	0.12598514556884766	0.019352915386358898
13	V2	upper_left	144	2069	0.08932700753211975	0.02058553819855054
13	V2	upper_right	144	2069	0.10529769957065582	0.01825018972158432
13	V3	lower_left	144	1479	0.05661359056830406	0.022562188406785328
13	V3	lower_right	144	1479	0.05222315341234207	0.026627662281195324
13	V3	no_distractor	144	1479	0.14803378283977509	0.024355086187521618
13	V3	upper_left	144	1479	0.08516198396682739	0.025712209443251293
13	V3	upper_right	144	1479	0.08908287435770035	0.02499442547559738
13	V3AB	lower_left	144	1526	0.17197184264659882	0.025463275611400604
13	V3AB	lower_right	144	1526	0.15714441239833832	0.023291416466236115
13	V3AB	no_distractor	144	1526	0.21130384504795074	0.022032856941223145
13	V3AB	upper_left	144	1526	0.21434658765792847	0.02437205861012141
13	V3AB	upper_right	144	1526	0.23298555612564087	0.02513361970583598
13	hV4	lower_left	144	785	0.33584609627723694	0.028367651005585987
13	hV4	lower_right	144	785	0.3132680058479309	0.028145283460617065
13	hV4	no_distractor	144	785	0.37547290325164795	0.02922545125087102
13	hV4	upper_left	144	785	0.32592087984085083	0.029151429732640583
13	hV4	upper_right	144	785	0.3680649995803833	0.03069175531466802
13	LO	lower_left	144	943	0.23266132175922394	0.031089512010415394
13	LO	lower_right	144	943	0.22882938385009766	0.030581047137578327
13	LO	no_distractor	144	943	0.32517799735069275	0.030094347894191742
13	LO	upper_left	144	943	0.2718450427055359	0.030108486612637837
13	LO	upper_right	144	943	0.26377052068710327	0.03033708781003952
13	TO	lower_left	144	779	0.14094406366348267	0.036011564234892525
13	TO	lower_right	144	779	0.14522287249565125	0.032501526176929474
13	TO	no_distractor	144	779	0.20406492054462433	0.03638851890961329
13	TO	upper_left	144	779	0.18950769305229187	0.036224993566672005
13	TO	upper_right	144	779	0.1705041229724884	0.03550328562657038
13	VO	lower_left	144	559	0.36656129360198975	0.024737723171710968
13	VO	lower_right	144	559	0.32325479388237	0.021186267336209614
13	VO	no_distractor	144	559	0.353238046169281	0.024833694100379944
13	VO	upper_left	144	559	0.34509730339050293	0.024596887330214184
13	VO	upper_right	144	559	0.4187201261520386	0.025445640087127686
14	V1	lower_left	144	2104	0.23044872283935547	0.04741855959097544
14	V1	lower_right	144	2104	0.23728857934474945	0.04356772700945536
14	V1	no_distractor	144	2104	0.20686814188957214	0.03963401665290197
14	V1	upper_left	144	2104	0.25619181990623474	0.040044091641902924
14	V1	upper_right	144	2104	0.24727222323417664	0.03693213810523351
14	V2	lower_left	144	1942	-0.014521353878080845	0.033224704364935555
14	V2	lower_right	144	1942	0.0001364867785014212	0.04220854242642721
14	V2	no_distractor	144	1942	-0.05069572851061821	0.03325637926657995
14	V2	upper_left	144	1942	0.027514008805155754	0.035572764774163566
14	V2	upper_right	144	1942	0.01576920412480831	0.03329075872898102
14	V3	lower_left	144	1458	0.09506136924028397	0.027829743921756744
14	V3	lower_right	144	1458	0.0646059662103653	0.03201281279325485
14	V3	no_distractor	144	1458	0.01420687511563301	0.02774622788031896
14	V3	upper_left	144	1458	0.08899407088756561	0.026253238320350647
14	V3	upper_right	144	1458	0.06727389246225357	0.025896146893501282
14	V3AB	lower_left	144	1372	0.1924160122871399	0.02717823286851247
14	V3AB	lower_right	144	1372	0.17808115482330322	0.02581215153137843
14	V3AB	no_distractor	144	1372	0.13590122759342194	0.027700111269950867
14	V3AB	upper_left	144	1372	0.1800798773765564	0.027374327182769775
14	V3AB	upper_right	144	1372	0.14608405530452728	0.02640808622042338
14	hV4	lower_left	144	685	0.4051331877708435	0.0296593780318896
14	hV4	lower_right	144	685	0.34618905186653137	0.031152474383513134
14	hV4	no_distractor	144	685	0.34874480962753296	0.030714231232802074
14	hV4	upper_left	144	685	0.37087711691856384	0.026986097296079
14	hV4	upper_right	144	685	0.37843450903892517	0.026525405546029408
14	LO	lower_left	144	971	0.33300554752349854	0.04147073378165563
14	LO	lower_right	144	971	0.31248003244400024	0.045835266510645546
14	LO	no_distractor	144	971	0.23884743452072144	0.042730639378229775
14	LO	upper_left	144	971	0.3246280252933502	0.04143620034058889
14	LO	upper_right	144	971	0.29325249791145325	0.04104536771774292
14	TO	lower_left	144	787	0.3741755783557892	0.026867831746737163
14	TO	lower_right	144	787	0.36708614230155945	0.025799714028835297
14	TO	no_distractor	144	787	0.3319345712661743	0.028220775226751964
14	TO	upper_left	144	787	0.37991636991500854	0.029095436135927837
14	TO	upper_right	144	787	0.3682262897491455	0.02800642450650533
14	VO	lower_left	144	537	0.05070681869983673	0.027959148089090984
14	VO	lower_right	144	537	0.0323592871427536	0.026564670105775196
14	VO	no_distractor	144	537	-0.004307872150093317	0.026603825390338898
14	VO	upper_left	144	537	0.015031401067972183	0.02121659368276596
14	VO	upper_right	144	537	0.023595483973622322	0.024823422233263653
15	V1	lower_left	144	2321	0.2747562825679779	0.026405895749727886
15	V1	lower_right	144	2321	0.22520725429058075	0.027595482766628265
15	V1	no_distractor	144	2321	0.275044322013855	0.025720509390036266
15	V1	upper_left	144	2321	0.24948246777057648	0.027042994896570843
15	V1	upper_right	144	2321	0.27936771512031555	0.02489432692527771
15	V2	lower_left	144	1960	0.1221061572432518	0.020602634797493618
15	V2	lower_right	144	1960	0.09678688645362854	0.024956732988357544
15	V2	no_distractor	144	1960	0.16542655229568481	0.021796658635139465
15	V2	upper_left	144	1960	0.12958957254886627	0.025660033027331035
15	V2	upper_right	144	1960	0.14224259555339813	0.019878558814525604
15	V3	lower_left	144	1375	0.2019820362329483	0.02446660151084264
15	V3	lower_right	144	1375	0.17956873774528503	0.02676902214686076
15	V3	no_distractor	144	1375	0.24464909732341766	0.027216287950674694
15	V3	upper_left	144	1375	0.2027243822813034	0.028916833301385243
15	V3	upper_right	144	1375	0.20698343217372894	0.02631991356611252
15	V3AB	lower_left	144	1142	0.31357434391975403	0.02282783140738805
15	V3AB	lower_right	144	1142	0.2577993869781494	0.023454725742340088
15	V3AB	no_distractor	144	1142	0.26721256971359253	0.023817777633666992
15	V3AB	upper_left	144	1142	0.3061642348766327	0.025527268648147583
15	V3AB	upper_right	144	1142	0.300632119178772	0.02216228594382604
15	hV4	lower_left	144	726	0.3978400230407715	0.024957167605559032
15	hV4	lower_right	144	726	0.4316052496433258	0.026906773447990417
15	hV4	no_distractor	144	726	0.41148626804351807	0.02716439962387085
15	hV4	upper_left	144	726	0.4474579393863678	0.02716592202583949
15	hV4	upper_right	144	726	0.38442161679267883	0.027390485008557636
15	LO	lower_left	144	948	0.3096235990524292	0.03959010789791743
15	LO	lower_right	144	948	0.2765563726425171	0.042981172601381935
15	LO	no_distractor	144	948	0.3646465539932251	0.04627637565135956
15	LO	upper_left	144	948	0.2959839105606079	0.042128349343935646
15	LO	upper_right	144	948	0.3334922790527344	0.04473704596360525
15	TO	lower_left	144	899	0.43202102184295654	0.025691648324330647
15	TO	lower_right	144	899	0.41928425431251526	0.025983768204847973
15	TO	no_distractor	144	899	0.441154807806015	0.028566102186838787
15	TO	upper_left	144	899	0.45893150568008423	0.026653369267781574
15	TO	upper_right	144	899	0.4434800446033478	0.027248164017995197
15	VO	lower_left	144	574	0.35783445835113525	0.02855622520049413
15	VO	lower_right	144	574	0.32972389459609985	0.02960613618294398
15	VO	no_distractor	144	574	0.32872986793518066	0.031474935511747994
15	VO	upper_left	144	574	0.37947356700897217	0.030338327089945476
15	VO	upper_right	144	574	0.3309657573699951	0.03303290903568268
16	V1	lower_left	144	1963	0.5077743530273438	0.05788897971312205
16	V1	lower_right	144	1963	0.43078649044036865	0.05335429310798645
16	V1	no_distractor	144	1963	0.47512584924697876	0.05409681797027588
16	V1	upper_left	144	1963	0.5132789015769958	0.058813273906707764
16	V1	upper_right	144	1963	0.5200774669647217	0.059026812513669334
16	V2	lower_left	144	1715	0.3641451597213745	0.04756216208140055
16	V2	lower_right	144	1715	0.23789948225021362	0.055098156134287514
16	V2	no_distractor	144	1715	0.37479108572006226	0.05143710970878601
16	V2	upper_left	144	1715	0.38817813992500305	0.056255072355270386
16	V2	upper_right	144	1715	0.3841998875141144	0.056545719504356384
16	V3	lower_left	144	1466	0.2487022578716278	0.034004981319109596
16	V3	lower_right	144	1466	0.16168206930160522	0.03780652582645416
16	V3	no_distractor	144	1466	0.262076735496521	0.03523207704226176
16	V3	upper_left	144	1466	0.2611350417137146	0.03812739004691442
16	V3	upper_right	144	1466	0.27719175815582275	0.03879672288894653
16	V3AB	lower_left	144	1295	0.21957264840602875	0.03654234608014425
16	V3AB	lower_right	144	1295	0.20780569314956665	0.03657836218674978
16	V3AB	no_distractor	144	1295	0.24692191183567047	0.039771318435668945
16	V3AB	upper_left	144	1295	0.27070352435112	0.03966237852970759
16	V3AB	upper_right	144	1295	0.2458057403564453	0.03941310445467631
16	hV4	lower_left	144	792	0.032322581857442856	0.04524841904640198
16	hV4	lower_right	144	792	-0.15437105298042297	0.05298165480295817
16	hV4	no_distractor	144	792	-0.0016399621963500977	0.05086718499660492
16	hV4	upper_left	144	792	-0.0295027494430542	0.05494619905948639
16	hV4	upper_right	144	792	0.0042295255698263645	0.05075768133004507
16	LO	lower_left	144	813	0.3215923607349396	0.03634195774793625
16	LO	lower_right	144	813	0.31769731640815735	0.03975643962621689
16	LO	no_distractor	144	813	0.38726064562797546	0.041449633737405144
16	LO	upper_left	144	813	0.39837995171546936	0.04107213020324707
16	LO	upper_right	144	813	0.3810121715068817	0.04037150243918101
16	TO	lower_left	144	688	-0.13407060503959656	0.04506531854470571
16	TO	lower_right	144	688	-0.15510542690753937	0.0457272082567215
16	TO	no_distractor	144	688	-0.06628133356571198	0.04526379704475403
16	TO	upper_left	144	688	-0.10388530045747757	0.04684471090634664
16	TO	upper_right	144	688	-0.13303154706954956	0.04949567715326945
16	VO	lower_left	144	588	-0.19246751070022583	0.04603114724159241
16	VO	lower_right	144	588	-0.3403261601924896	0.050678963462511696
16	VO	no_distractor	144	588	-0.25133705139160156	0.04718521237373352
16	VO	upper_left	144	588	-0.30928707122802734	0.04803411662578583
16	VO	upper_right	144	588	-0.22830724716186523	0.04629534979661306
17	V1	lower_left	144	1972	0.25586530566215515	0.045032685001691185
17	V1	lower_right	144	1972	0.2282901555299759	0.040850902597109474
17	V1	no_distractor	144	1972	0.20546038448810577	0.034272126853466034
17	V1	upper_left	144	1972	0.23385769128799438	0.03265726069609324
17	V1	upper_right	144	1972	0.1501023769378662	0.0370975136756897
17	V2	lower_left	144	1679	0.2390034794807434	0.03275951246420542
17	V2	lower_right	144	1679	0.20357462763786316	0.03173415611187617
17	V2	no_distractor	144	1679	0.2281953990459442	0.02879359821478526
17	V2	upper_left	144	1679	0.2148173749446869	0.02535928040742874
17	V2	upper_right	144	1679	0.16192828118801117	0.028497797747453053
17	V3	lower_left	144	1510	0.28464457392692566	0.02863414337237676
17	V3	lower_right	144	1510	0.23189204931259155	0.027743709584077198
17	V3	no_distractor	144	1510	0.2483370006084442	0.026664699117342632
17	V3	upper_left	144	1510	0.2468477338552475	0.0254430224498113
17	V3	upper_right	144	1510	0.19157971441745758	0.02455218384663264
17	V3AB	lower_left	144	1394	0.21886688470840454	0.026756005982557934
17	V3AB	lower_right	144	1394	0.2014666497707367	0.02660051981608073
17	V3AB	no_distractor	144	1394	0.19507384300231934	0.026134327054023743
17	V3AB	upper_left	144	1394	0.17272499203681946	0.02580205351114273
17	V3AB	upper_right	144	1394	0.15432612597942352	0.027318857610225677
17	hV4	lower_left	144	800	0.8538365960121155	0.04016663630803426
17	hV4	lower_right	144	800	0.7483208179473877	0.03506184617678324
17	hV4	no_distractor	144	800	0.7821990251541138	0.036004828910032906
17	hV4	upper_left	144	800	0.8250091075897217	0.034605592489242554
17	hV4	upper_right	144	800	0.7111064791679382	0.035425394773483276
17	LO	lower_left	144	993	0.25383126735687256	0.049647778272628784
17	LO	lower_right	144	993	0.21715235710144043	0.047016079227129616
17	LO	no_distractor	144	993	0.2677055895328522	0.047512958447138466
17	LO	upper_left	144	993	0.22159947454929352	0.043730154633522034
17	LO	upper_right	144	993	0.14823287725448608	0.045559197664260864
17	TO	lower_left	144	867	0.28607696294784546	0.03231965998808543
17	TO	lower_right	144	867	0.2847137451171875	0.03688676406939825
17	TO	no_distractor	144	867	0.2873988151550293	0.03580716997385025
17	TO	upper_left	144	867	0.2812720537185669	0.031978423396746315
17	TO	upper_right	144	867	0.2346205711364746	0.03178647657235464
17	VO	lower_left	144	943	0.4101850092411041	0.02994299679994583
17	VO	lower_right	144	943	0.3721487522125244	0.02995198220014572
17	VO	no_distractor	144	943	0.37179285287857056	0.03008570025364558
17	VO	upper_left	144	943	0.3405297100543976	0.02836623539527257
17	VO	upper_right	144	943	0.34271568059921265	0.027108751237392426
20	V1	lower_left	138	2338	0.4031769633293152	0.06237375709865875
20	V1	lower_right	138	2338	0.3089110255241394	0.05971768013856245
20	V1	no_distractor	132	2338	0.3896401822566986	0.06037305698011938
20	V1	upper_left	138	2338	0.29569917917251587	0.07111292918309663
20	V1	upper_right	114	2338	0.38966047763824463	0.060724289182812696
20	V2	lower_left	138	2181	0.30583053827285767	0.04305977291530763
20	V2	lower_right	138	2181	0.19719617068767548	0.0483659193564738
20	V2	no_distractor	132	2181	0.2710462510585785	0.042554297742762925
20	V2	upper_left	138	2181	0.18614448606967926	0.04585505189152726
20	V2	upper_right	114	2181	0.17170646786689758	0.04147270780732255
20	V3	lower_left	138	1821	0.16211476922035217	0.04027893675078456
20	V3	lower_right	138	1821	0.06293526291847229	0.04413523850814589
20	V3	no_distractor	132	1821	0.14774082601070404	0.04322084928366435
20	V3	upper_left	138	1821	0.07177171111106873	0.047405250396214016
20	V3	upper_right	114	1821	0.05637774616479874	0.04317736470780569
20	V3AB	lower_left	138	1502	0.07411675900220871	0.03702474523400393
20	V3AB	lower_right	138	1502	-0.05033190920948982	0.04030978596740675
20	V3AB	no_distractor	132	1502	0.008073312230408192	0.043137056619250644
20	V3AB	upper_left	138	1502	0.017054937779903412	0.0408914560650331
20	V3AB	upper_right	114	1502	-0.007455390878021717	0.03474017331157761
20	hV4	lower_left	138	911	0.0345459021627903	0.03502863855425005
20	hV4	lower_right	138	911	-0.04784134030342102	0.03983319855084191
20	hV4	no_distractor	132	911	0.015279600396752357	0.041082576074649095
20	hV4	upper_left	138	911	-0.002051291288807988	0.04740843679556249
20	hV4	upper_right	114	911	0.011635440401732922	0.04469829081391404
20	LO	lower_left	138	1233	0.20847325026988983	0.044793427855094485
20	LO	lower_right	138	1233	0.1266631782054901	0.04167193617169026
20	LO	no_distractor	132	1233	0.17335790395736694	0.04824585150470392
20	LO	upper_left	138	1233	0.13478656113147736	0.047913181733121556
20	LO	upper_right	114	1233	0.10346584767103195	0.04462452662907351
20	TO	lower_left	138	978	0.17257653176784515	0.03171790874457121
20	TO	lower_right	138	978	0.062966488301754	0.041553306219513426
20	TO	no_distractor	132	978	0.12191272526979446	0.03776779710143788
20	TO	upper_left	138	978	0.09827478975057602	0.037222946376917206
20	TO	upper_right	114	978	0.08884602785110474	0.03714433251297064
20	VO	lower_left	138	843	-0.10323777049779892	0.040319423810659026
20	VO	lower_right	138	843	-0.2409997433423996	0.04227201939548798
20	VO	no_distractor	132	843	-0.16852033138275146	0.040633828912912485
20	VO	upper_left	138	843	-0.16780665516853333	0.04839915329872304
20	VO	upper_right	114	843	-0.1586902141571045	0.04147815910535083
22	V1	lower_left	144	1497	0.1701977252960205	0.0452482799688975
22	V1	lower_right	144	1497	0.09903189539909363	0.04204624891281128
22	V1	no_distractor	144	1497	0.19741980731487274	0.03753258287906647
22	V1	upper_left	144	1497	0.15951906144618988	0.03589546432097753
22	V1	upper_right	144	1497	0.20602615177631378	0.04194789628187815
22	V2	lower_left	144	1271	0.01699567213654518	0.04251015683015188
22	V2	lower_right	144	1271	-0.019968871027231216	0.03653187801440557
22	V2	no_distractor	144	1271	0.07345101237297058	0.034352834026018776
22	V2	upper_left	144	1271	0.013950486667454243	0.03320523848136266
22	V2	upper_right	144	1271	0.05393196642398834	0.04152111460765203
22	V3	lower_left	144	849	0.09799869358539581	0.028643235564231873
22	V3	lower_right	144	849	0.06290943920612335	0.025508418679237366
22	V3	no_distractor	144	849	0.10956863313913345	0.023662102719148
22	V3	upper_left	144	849	0.09182429313659668	0.02311655879020691
22	V3	upper_right	144	849	0.10559570044279099	0.02751245101292928
22	V3AB	lower_left	144	747	0.21158896386623383	0.029403050740559895
22	V3AB	lower_right	144	747	0.1693868339061737	0.03292308747768402
22	V3AB	no_distractor	144	747	0.20284056663513184	0.029535320897897083
22	V3AB	upper_left	144	747	0.1768859326839447	0.029920722047487896
22	V3AB	upper_right	144	747	0.24236734211444855	0.03242414196332296
22	hV4	lower_left	144	692	0.18189889192581177	0.03159559518098831
22	hV4	lower_right	144	692	0.13633990287780762	0.02989386518796285
22	hV4	no_distractor	144	692	0.12907308340072632	0.024524465203285217
22	hV4	upper_left	144	692	0.16737470030784607	0.025094437102476757
22	hV4	upper_right	144	692	0.19641582667827606	0.02705259621143341
22	LO	lower_left	144	1102	0.26108601689338684	0.028836970527966816
22	LO	lower_right	144	1102	0.18847888708114624	0.0305493026971817
22	LO	no_distractor	144	1102	0.2126334309577942	0.027761556208133698
22	LO	upper_left	144	1102	0.23226091265678406	0.028780847787857056
22	LO	upper_right	144	1102	0.2558814287185669	0.033179961144924164
22	TO	lower_left	144	853	-0.11072207987308502	0.03498212993144989
22	TO	lower_right	144	853	-0.17290517687797546	0.02915966510772705
22	TO	no_distractor	144	853	-0.1262362152338028	0.03106969843308131
22	TO	upper_left	144	853	-0.1285269856452942	0.028792522847652435
22	TO	upper_right	144	853	-0.1036229133605957	0.03605740269025167
22	VO	lower_left	144	393	0.18435470759868622	0.02965725709994634
22	VO	lower_right	144	393	0.14784358441829681	0.02461277445157369
22	VO	no_distractor	144	393	0.16677075624465942	0.023523745437463123
22	VO	upper_left	144	393	0.1542634218931198	0.025457029541333515
22	VO	upper_right	144	393	0.19558656215667725	0.03015664468208949
23	V1	lower_left	144	1677	0.2688758373260498	0.06281700233618419
23	V1	lower_right	144	1677	0.2592719495296478	0.04085904608170191
23	V1	no_distractor	144	1677	0.34958457946777344	0.05233459174633026
23	V1	upper_left	144	1677	0.2505100965499878	0.0464090903600057
23	V1	upper_right	144	1677	0.21144221723079681	0.04895614584287008
23	V2	lower_left	144	1459	0.12210001051425934	0.031994265814622246
23	V2	lower_right	144	1459	0.1205199807882309	0.02923035869995753
23	V2	no_distractor	144	1459	0.15011169016361237	0.03127914170424143
23	V2	upper_left	144	1459	0.12486381083726883	0.028831673165162403
23	V2	upper_right	144	1459	0.04140004515647888	0.03121326118707657
23	V3	lower_left	144	1406	0.10638291388750076	0.03496511528889338
23	V3	lower_right	144	1406	0.0669718012213707	0.03625082472960154
23	V3	no_distractor	144	1406	0.11054915934801102	0.03337303549051285
23	V3	upper_left	144	1406	0.09346333891153336	0.03576089690128962
23	V3	upper_right	144	1406	0.0039035570807754993	0.035178412993748985
23	V3AB	lower_left	144	1193	-0.12492285668849945	0.03452754765748978
23	V3AB	lower_right	144	1193	-0.15183062851428986	0.03046793242295583
23	V3AB	no_distractor	144	1193	-0.10999742150306702	0.03557326396306356
23	V3AB	upper_left	144	1193	-0.1329391449689865	0.029350169003009796
23	V3AB	upper_right	144	1193	-0.14546847343444824	0.031381880243619285
23	hV4	lower_left	144	705	0.4306268095970154	0.031179395814736683
23	hV4	lower_right	144	705	0.37751638889312744	0.03383001436789831
23	hV4	no_distractor	144	705	0.445396363735199	0.03198927640914917
23	hV4	upper_left	144	705	0.42771777510643005	0.03043447683254878
23	hV4	upper_right	144	705	0.3826467990875244	0.03257303933302561
23	LO	lower_left	144	911	0.0970819815993309	0.04030281056960424
23	LO	lower_right	144	911	0.04907453432679176	0.043387576937675476
23	LO	no_distractor	144	911	0.09477121382951736	0.03871519615252813
23	LO	upper_left	144	911	0.0812980905175209	0.04198192556699117
23	LO	upper_right	144	911	0.03254736214876175	0.041851043701171875
23	TO	lower_left	144	1049	0.11669556051492691	0.02889428287744522
23	TO	lower_right	144	1049	0.10854608565568924	0.032156517108281456
23	TO	no_distractor	144	1049	0.12852852046489716	0.030590494473775227
23	TO	upper_left	144	1049	0.06788069754838943	0.028251464168230694
23	TO	upper_right	144	1049	0.12630312144756317	0.03107309838136037
23	VO	lower_left	144	586	0.3413863182067871	0.022930987179279327
23	VO	lower_right	144	586	0.3379025459289551	0.023290425539016724
23	VO	no_distractor	144	586	0.3375469148159027	0.02650253971417745
23	VO	upper_left	144	586	0.3472341299057007	0.023196359475453694
23	VO	upper_right	144	586	0.3454020321369171	0.02432959775129954
24	V1	lower_left	138	2104	-0.00738531444221735	0.029269186214688592
24	V1	lower_right	138	2104	-0.017120568081736565	0.027783144440195806
24	V1	no_distractor	132	2104	0.003993092104792595	0.030906985097338264
24	V1	upper_left	138	2104	0.028173718601465225	0.034249703445366146
24	V1	upper_right	114	2104	0.02295258454978466	0.03857821649019311
24	V2	lower_left	138	1535	-0.044636547565460205	0.025832532744133184
24	V2	lower_right	138	1535	-0.03915051370859146	0.026285021747154098
24	V2	no_distractor	132	1535	-0.01693342998623848	0.023289969134064423
24	V2	upper_left	138	1535	0.03652705252170563	0.02166766017534308
24	V2	upper_right	114	1535	0.045333072543144226	0.031013274647139464
24	V3	lower_left	138	1121	0.00733480229973793	0.021785488453798484
24	V3	lower_right	138	1121	0.0056676119565963745	0.024860916878468402
24	V3	no_distractor	132	1121	0.018254529684782028	0.024962694107529264
24	V3	upper_left	138	1121	0.044970642775297165	0.025042135730586532
24	V3	upper_right	114	1121	0.045401621609926224	0.024990988738740106
24	V3AB	lower_left	138	1083	0.1955108642578125	0.024125647617980982
24	V3AB	lower_right	138	1083	0.19326986372470856	0.022894271707977143
24	V3AB	no_distractor	132	1083	0.1899701952934265	0.024674987715529093
24	V3AB	upper_left	138	1083	0.2647150456905365	0.021810601644204987
24	V3AB	upper_right	114	1083	0.18982885777950287	0.02910396100178583
24	hV4	lower_left	138	455	0.45413950085639954	0.03137620546857946
24	hV4	lower_right	138	455	0.4133254587650299	0.03391010836830638
24	hV4	no_distractor	132	455	0.397484689950943	0.03448200821637599
24	hV4	upper_left	138	455	0.4503774344921112	0.037005720704772864
24	hV4	upper_right	114	455	0.36132752895355225	0.03392684132050306
24	LO	lower_left	138	823	0.12767452001571655	0.033405071682399326
24	LO	lower_right	138	823	0.1785358488559723	0.03493818641860468
24	LO	no_distractor	132	823	0.15197348594665527	0.03932724906404869
24	LO	upper_left	138	823	0.16528013348579407	0.03988001274445451
24	LO	upper_right	114	823	0.18235206604003906	0.03949858428541038
24	TO	lower_left	138	785	0.16683396697044373	0.028503156530554456
24	TO	lower_right	138	785	0.15339675545692444	0.028612962997911228
24	TO	no_distractor	132	785	0.1425643414258957	0.03026614747410186
24	TO	upper_left	138	785	0.19453217089176178	0.032644537014976015
24	TO	upper_right	114	785	0.12227626144886017	0.032776282487346806
24	VO	lower_left	138	493	0.509103000164032	0.033737208149519186
24	VO	lower_right	138	493	0.46835118532180786	0.03181168173749935
24	VO	no_distractor	132	493	0.46732544898986816	0.035336001843869945
24	VO	upper_left	138	493	0.5490838885307312	0.03705202243606987
24	VO	upper_right	114	493	0.4621279537677765	0.03342881374718141
25	V1	lower_left	144	1638	0.06321731209754944	0.029530413448810577
25	V1	lower_right	144	1638	0.01584322564303875	0.029537685215473175
25	V1	no_distractor	144	1638	0.12969893217086792	0.027590538064638775
25	V1	upper_left	144	1638	0.0402175635099411	0.03247650216023127
25	V1	upper_right	144	1638	0.06100033223628998	0.02999862531820933
25	V2	lower_left	144	1327	0.04132671281695366	0.019271908948818844
25	V2	lower_right	144	1327	0.03617587313055992	0.018574705968300503
25	V2	no_distractor	144	1327	0.07482729107141495	0.016301847994327545
25	V2	upper_left	144	1327	0.037747036665678024	0.021880445381005604
25	V2	upper_right	144	1327	0.03402546048164368	0.017701581120491028
25	V3	lower_left	144	940	0.01448480412364006	0.01270891105135282
25	V3	lower_right	144	940	0.04048595204949379	0.014559280127286911
25	V3	no_distractor	144	940	0.0017383215017616749	0.011872061838706335
25	V3	upper_left	144	940	0.0056614866480231285	0.014786419769128164
25	V3	upper_right	144	940	0.013634207658469677	0.011700468758742014
25	V3AB	lower_left	144	823	0.062436871230602264	0.024523717661698658
25	V3AB	lower_right	144	823	0.07132023572921753	0.02633204311132431
25	V3AB	no_distractor	144	823	0.050173673778772354	0.022784156103928883
25	V3AB	upper_left	144	823	0.035241469740867615	0.023771914343039196
25	V3AB	upper_right	144	823	0.02990400418639183	0.020192716270685196
25	hV4	lower_left	144	671	0.026532428339123726	0.015125177800655365
25	hV4	lower_right	144	671	0.06998737156391144	0.016780495643615723
25	hV4	no_distractor	144	671	0.016273558139801025	0.015287222961584726
25	hV4	upper_left	144	671	0.03128549084067345	0.016479851057132084
25	hV4	upper_right	144	671	0.016155581921339035	0.01375297208627065
25	LO	lower_left	144	838	-0.04746316745877266	0.01937493309378624
25	LO	lower_right	144	838	-0.002767095109447837	0.020390909165143967
25	LO	no_distractor	144	838	-0.06034284085035324	0.017453141510486603
25	LO	upper_left	144	838	-0.033586129546165466	0.019913852214813232
25	LO	upper_right	144	838	-0.045420851558446884	0.014704474558432898
25	TO	lower_left	144	886	0.001571007538586855	0.020348419745763142
25	TO	lower_right	144	886	0.042179591953754425	0.024595690270264942
25	TO	no_distractor	144	886	-0.027705516666173935	0.020734104017416637
25	TO	upper_left	144	886	0.020628293976187706	0.025600930054982502
25	TO	upper_right	144	886	-0.00273901061154902	0.02141360690196355
25	VO	lower_left	144	433	0.041204631328582764	0.01619814708828926
25	VO	lower_right	144	433	0.06572093069553375	0.017115565637747448
25	VO	no_distractor	144	433	0.02553669363260269	0.0146901806195577
25	VO	upper_left	144	433	0.03368215262889862	0.015501528978347778
25	VO	upper_right	144	433	0.05018049478530884	0.016252271831035614
26	V1	lower_left	144	2745	0.3924822211265564	0.05137753486633301
26	V1	lower_right	144	2745	0.44100889563560486	0.04224833349386851
26	V1	no_distractor	144	2745	0.3545093834400177	0.04489671687285105
26	V1	upper_left	144	2745	0.3642232120037079	0.045824055870374046
26	V1	upper_right	144	2745	0.398891419172287	0.04246281087398529
26	V2	lower_left	144	2033	0.18315529823303223	0.04010023673375448
26	V2	lower_right	144	2033	0.22355884313583374	0.035920398930708565
26	V2	no_distractor	144	2033	0.17840959131717682	0.039114524920781456
26	V2	upper_left	144	2033	0.10753897577524185	0.036322315533955894
26	V2	upper_right	144	2033	0.20542500913143158	0.03440173467000326
26	V3	lower_left	144	1502	0.1492341160774231	0.03953784207503001
26	V3	lower_right	144	1502	0.18803924322128296	0.03453981628020605
26	V3	no_distractor	144	1502	0.13410449028015137	0.03695978224277496
26	V3	upper_left	144	1502	0.08154800534248352	0.03775357206662496
26	V3	upper_right	144	1502	0.1800127774477005	0.03164509932200114
26	V3AB	lower_left	144	1188	-0.00228405324742198	0.03835758070151011
26	V3AB	lower_right	144	1188	0.05251430720090866	0.03179805974165598
26	V3AB	no_distractor	144	1188	0.041979797184467316	0.03501080473264059
26	V3AB	upper_left	144	1188	-0.06854446977376938	0.03438143680493037
26	V3AB	upper_right	144	1188	0.04293017461895943	0.02908676614363988
26	hV4	lower_left	144	796	0.17804335057735443	0.04303369422753652
26	hV4	lower_right	144	796	0.16901569068431854	0.03622013827164968
26	hV4	no_distractor	144	796	0.14904305338859558	0.039278097450733185
26	hV4	upper_left	144	796	0.0773187056183815	0.04030970732371012
26	hV4	upper_right	144	796	0.14452995359897614	0.03694954266150793
26	LO	lower_left	144	980	0.2029714584350586	0.03801265607277552
26	LO	lower_right	144	980	0.24383671581745148	0.03287808100382487
26	LO	no_distractor	144	980	0.15898555517196655	0.03806415945291519
26	LO	upper_left	144	980	0.11307238042354584	0.036157300074895225
26	LO	upper_right	144	980	0.24248388409614563	0.03066892921924591
26	TO	lower_left	144	910	0.38065627217292786	0.04906190435091654
26	TO	lower_right	144	910	0.43683549761772156	0.045876736442248024
26	TO	no_distractor	144	910	0.40184035897254944	0.04720504581928253
26	TO	upper_left	144	910	0.28690487146377563	0.04703911145528158
26	TO	upper_right	144	910	0.4263317286968231	0.04274644454320272
26	VO	lower_left	144	508	0.11742015928030014	0.0411183163523674
26	VO	lower_right	144	508	0.14782334864139557	0.036124529937903084
26	VO	no_distractor	144	508	0.15459321439266205	0.03693290054798126
26	VO	upper_left	144	508	0.05198289453983307	0.037670607368151345
26	VO	upper_right	144	508	0.11340655386447906	0.036338838438193
27	V1	lower_left	144	2484	-0.019519006833434105	0.029714028040568035
27	V1	lower_right	144	2484	-0.023551758378744125	0.03324828545252482
27	V1	no_distractor	144	2484	-0.06096882373094559	0.030969813466072083
27	V1	upper_left	144	2484	0.028949925675988197	0.029171980917453766
27	V1	upper_right	144	2484	0.005301186814904213	0.0429904560248057
27	V2	lower_left	144	1924	-0.03088602051138878	0.02732059856255849
27	V2	lower_right	144	1924	-0.03173546493053436	0.02618029961983363
27	V2	no_distractor	144	1924	-0.034265849739313126	0.02961766968170802
27	V2	upper_left	144	1924	0.007280545774847269	0.026365453998247784
27	V2	upper_right	144	1924	-0.020085247233510017	0.0316030482451121
27	V3	lower_left	144	1420	-0.013600064441561699	0.02504618465900421
27	V3	lower_right	144	1420	-0.019689219072461128	0.02629796912272771
27	V3	no_distractor	144	1420	-0.026766374707221985	0.027637630701065063
27	V3	upper_left	144	1420	-0.007933337241411209	0.02753049631913503
27	V3	upper_right	144	1420	-0.020631376653909683	0.028623851637045544
27	V3AB	lower_left	144	1442	0.058514032512903214	0.019835151731967926
27	V3AB	lower_right	144	1442	-0.02092350833117962	0.021056013802687328
27	V3AB	no_distractor	144	1442	0.010976271703839302	0.024230482677618664
27	V3AB	upper_left	144	1442	-0.01050389464944601	0.02063926060994466
27	V3AB	upper_right	144	1442	0.0008148219785653055	0.027177837987740833
27	hV4	lower_left	144	637	-0.04362491890788078	0.021765867869059246
27	hV4	lower_right	144	637	-0.12710697948932648	0.02508110801378886
27	hV4	no_distractor	144	637	-0.08948253095149994	0.024449646472930908
27	hV4	upper_left	144	637	-0.12602970004081726	0.024589387079079945
27	hV4	upper_right	144	637	-0.13499437272548676	0.03231513500213623
27	LO	lower_left	144	903	0.19063788652420044	0.02676428606112798
27	LO	lower_right	144	903	0.13398581743240356	0.029152408242225647
27	LO	no_distractor	144	903	0.12437595427036285	0.03070620447397232
27	LO	upper_left	144	903	0.1508909910917282	0.028945453464984894
27	LO	upper_right	144	903	0.10293517261743546	0.03590463846921921
27	TO	lower_left	144	838	0.08248519897460938	0.024924164017041523
27	TO	lower_right	144	838	0.039663903415203094	0.026704855263233185
27	TO	no_distractor	144	838	0.039218053221702576	0.02721395343542099
27	TO	upper_left	144	838	0.0610915832221508	0.028297781944274902
27	TO	upper_right	144	838	0.01162145659327507	0.03204286595185598
27	VO	lower_left	144	398	-0.05484430119395256	0.025084527830282848
27	VO	lower_right	144	398	-0.15372252464294434	0.0254887193441391
27	VO	no_distractor	144	398	-0.1226399764418602	0.02779002736012141
27	VO	upper_left	144	398	-0.14024902880191803	0.027611176172892254
27	VO	upper_right	144	398	-0.1406698226928711	0.039074383676052094
28	V1	lower_left	144	1472	0.1363959163427353	0.013516716659069061
28	V1	lower_right	144	1472	0.1325739324092865	0.014161672443151474
28	V1	no_distractor	144	1472	0.12723833322525024	0.015908843527237575
28	V1	upper_left	144	1472	0.09989476948976517	0.01946389302611351
28	V1	upper_right	144	1472	0.11675373464822769	0.015899305542310078
28	V2	lower_left	144	1532	0.06537336856126785	0.01242095356186231
28	V2	lower_right	144	1532	0.05851446092128754	0.012671221047639847
28	V2	no_distractor	144	1532	0.06608093529939651	0.013631574809551239
28	V2	upper_left	144	1532	0.04430491849780083	0.015531493971745173
28	V2	upper_right	144	1532	0.04763193801045418	0.013887938112020493
28	V3	lower_left	144	874	-0.019461167976260185	0.009936071932315826
28	V3	lower_right	144	874	-0.02057694084942341	0.010411900157729784
28	V3	no_distractor	144	874	-0.023065656423568726	0.011820940921703974
28	V3	upper_left	144	874	-0.026128211989998817	0.012946762144565582
28	V3	upper_right	144	874	-0.0350722037255764	0.011824389298756918
28	V3AB	lower_left	144	1234	0.0008974944357760251	0.015271929403146109
28	V3AB	lower_right	144	1234	0.000583731452934444	0.014575065424044928
28	V3AB	no_distractor	144	1234	-0.00041983110713772476	0.015564516186714172
28	V3AB	upper_left	144	1234	-0.002172713400796056	0.016644527514775593
28	V3AB	upper_right	144	1234	-0.022994371131062508	0.017288438975811005
28	hV4	lower_left	144	466	-0.19549162685871124	0.01587412382165591
28	hV4	lower_right	144	466	-0.17144158482551575	0.014701109379529953
28	hV4	no_distractor	144	466	-0.18557868897914886	0.013713254282871882
28	hV4	upper_left	144	466	-0.16750308871269226	0.01610574747125308
28	hV4	upper_right	144	466	-0.20001251995563507	0.016623946527640026
28	LO	lower_left	144	959	0.16493485867977142	0.01540864755709966
28	LO	lower_right	144	959	0.1455451399087906	0.014840082575877508
28	LO	no_distractor	144	959	0.11677106469869614	0.014204097290833792
28	LO	upper_left	144	959	0.11362915486097336	0.0194820041457812
28	LO	upper_right	144	959	0.132289856672287	0.01741083214680354
28	TO	lower_left	144	915	-0.02463269978761673	0.017862673848867416
28	TO	lower_right	144	915	-0.0183008573949337	0.015067634483178457
28	TO	no_distractor	144	915	0.005780045874416828	0.01652831087509791
28	TO	upper_left	144	915	-0.005571854766458273	0.018655883769194286
28	TO	upper_right	144	915	-0.05096878111362457	0.018796517203251522
28	VO	lower_left	144	410	-0.17527730762958527	0.017443337788184483
28	VO	lower_right	144	410	-0.13987024128437042	0.016292616724967957
28	VO	no_distractor	144	410	-0.15615232288837433	0.016930559029181797
28	VO	upper_left	144	410	-0.13523666560649872	0.01932559534907341
28	VO	upper_right	144	410	-0.15826603770256042	0.01696723202864329
29	V1	lower_left	144	1796	0.35913828015327454	0.03123931090037028
29	V1	lower_right	144	1796	0.3287600874900818	0.0265018492937088
29	V1	no_distractor	144	1796	0.34304481744766235	0.026790926853815716
29	V1	upper_left	144	1796	0.394429087638855	0.02646699547767639
29	V1	upper_right	144	1796	0.3909131586551666	0.02653100589911143
29	V2	lower_left	144	1666	0.26784271001815796	0.02214120825131734
29	V2	lower_right	144	1666	0.24760876595973969	0.022994803885618847
29	V2	no_distractor	144	1666	0.2538655698299408	0.021485182146231335
29	V2	upper_left	144	1666	0.26269590854644775	0.02260384460290273
29	V2	upper_right	144	1666	0.28932708501815796	0.020365505168835323
29	V3	lower_left	144	1499	0.20041097700595856	0.021005019545555115
29	V3	lower_right	144	1499	0.18113009631633759	0.020501703023910522
29	V3	no_distractor	144	1499	0.20332582294940948	0.020477601637442906
29	V3	upper_left	144	1499	0.19070447981357574	0.021676165362199146
29	V3	upper_right	144	1499	0.21333788335323334	0.01989120865861575
29	V3AB	lower_left	144	1103	0.3584902584552765	0.02742980420589447
29	V3AB	lower_right	144	1103	0.4339980483055115	0.02927687515815099
29	V3AB	no_distractor	144	1103	0.42979076504707336	0.02771480878194173
29	V3AB	upper_left	144	1103	0.4613892138004303	0.03092294931411743
29	V3AB	upper_right	144	1103	0.44715431332588196	0.027685627341270447
29	hV4	lower_left	144	774	0.4103929400444031	0.028014627595742542
29	hV4	lower_right	144	774	0.37739431858062744	0.028124600648880005
29	hV4	no_distractor	144	774	0.4239993095397949	0.030040393273035686
29	hV4	upper_left	144	774	0.44275906682014465	0.0297317033012708
29	hV4	upper_right	144	774	0.4495603144168854	0.02863923708597819
29	LO	lower_left	144	803	0.25005218386650085	0.033258957167466484
29	LO	lower_right	144	803	0.24664714932441711	0.030486340324083965
29	LO	no_distractor	144	803	0.2957068383693695	0.032198319832483925
29	LO	upper_left	144	803	0.2744518220424652	0.03395224114259084
29	LO	upper_right	144	803	0.26654356718063354	0.03333180149396261
29	TO	lower_left	144	794	0.3980008363723755	0.03204456716775894
29	TO	lower_right	144	794	0.3530222177505493	0.03311547636985779
29	TO	no_distractor	144	794	0.36567819118499756	0.03315600256125132
29	TO	upper_left	144	794	0.38126298785209656	0.033626556396484375
29	TO	upper_right	144	794	0.40837758779525757	0.03081739197174708
29	VO	lower_left	144	562	0.26733291149139404	0.029177320500214893
29	VO	lower_right	144	562	0.3124152421951294	0.029019239048163097
29	VO	no_distractor	144	562	0.30481839179992676	0.028469751278559368
29	VO	upper_left	144	562	0.3694626986980438	0.027402708927790325
29	VO	upper_right	144	562	0.3298723101615906	0.030803817013899486
30	V1	lower_left	144	2045	0.07280407845973969	0.03459308296442032
30	V1	lower_right	144	2045	0.020758651196956635	0.03064106156428655
30	V1	no_distractor	144	2045	0.06679564714431763	0.02613344043493271
30	V1	upper_left	144	2045	0.04118752107024193	0.03140553335348765
30	V1	upper_right	144	2045	0.014047632925212383	0.03108345220486323
30	V2	lower_left	144	1812	-0.11965974420309067	0.03104778379201889
30	V2	lower_right	144	1812	-0.16975325345993042	0.028399435182412464
30	V2	no_distractor	144	1812	-0.1055966466665268	0.02514695127805074
30	V2	upper_left	144	1812	-0.1646769791841507	0.02782571315765381
30	V2	upper_right	144	1812	-0.1468576192855835	0.029034229616324108
30	V3	lower_left	144	1444	0.24368757009506226	0.031012410918871563
30	V3	lower_right	144	1444	0.17343752086162567	0.026266664266586304
30	V3	no_distractor	144	1444	0.22217290103435516	0.024037895103295643
30	V3	upper_left	144	1444	0.19338777661323547	0.026850588619709015
30	V3	upper_right	144	1444	0.24834983050823212	0.02732915182908376
30	V3AB	lower_left	144	1325	0.21891790628433228	0.024335555732250214
30	V3AB	lower_right	144	1325	0.21332688629627228	0.0213779682914416
30	V3AB	no_distractor	144	1325	0.2073834389448166	0.022967887421449024
30	V3AB	upper_left	144	1325	0.20709775388240814	0.022282928228378296
30	V3AB	upper_right	144	1325	0.22130340337753296	0.020759306848049164
30	hV4	lower_left	144	927	0.6255618333816528	0.031093426048755646
30	hV4	lower_right	144	927	0.5711144208908081	0.033384340504805245
30	hV4	no_distractor	144	927	0.5498432517051697	0.030475104848543804
30	hV4	upper_left	144	927	0.5724233388900757	0.030470711489518482
30	hV4	upper_right	144	927	0.6136264204978943	0.03196146835883459
30	LO	lower_left	144	1110	0.39219027757644653	0.03706442813078562
30	LO	lower_right	144	1110	0.3950207531452179	0.03759848823149999
30	LO	no_distractor	144	1110	0.3799275755882263	0.036181651055812836
30	LO	upper_left	144	1110	0.37514781951904297	0.03497825811306635
30	LO	upper_right	144	1110	0.44739028811454773	0.03488341967264811
30	TO	lower_left	144	1018	0.09551665186882019	0.025085575878620148
30	TO	lower_right	144	1018	0.09653420746326447	0.02392590045928955
30	TO	no_distractor	144	1018	0.11254796385765076	0.024095187584559124
30	TO	upper_left	144	1018	0.0933215394616127	0.022249914705753326
30	TO	upper_right	144	1018	0.09084364771842957	0.023990345497926075
30	VO	lower_left	144	717	0.8590885400772095	0.03429673363765081
30	VO	lower_right	144	717	0.7799295783042908	0.036260863145192467
30	VO	no_distractor	144	717	0.7319725155830383	0.03686541567246119
30	VO	upper_left	144	717	0.7836288809776306	0.03663552304108938
30	VO	upper_right	144	717	0.782351553440094	0.03289962559938431
