subject	roi	n_voxels	mode	sigma_AF	g_HP	g_LP	g_HP_over_g_LP	log_g_HP_over_g_LP	r2	loss	success
03	V1	446	suppression	3.5001485209923757	0.3490371330316157	0.0010000000000000002	349.0371330316156	5.855178314913913	0.015669778614379237	115.52938146807219	True
03	V1	446	attraction	2.5379744956612442	0.0010000000000000002	0.5029903540444894	0.001988109696257814	-6.220570993065939	0.013688364409884413	115.76193712114876	True
03	V2	421	suppression	3.747628614044946	0.3078609830897871	0.0010000000000000002	307.860983089787	5.729648327478288	0.010555531238724325	123.72282465871831	True
03	V2	421	attraction	2.5836184537750153	0.0010000000000000002	0.39390986164047204	0.0025386518525720905	-5.976122105562101	0.008961105892726251	123.92219593597785	True
03	V3	493	suppression	2.196551868523622	0.2605144153493571	0.0010000000000000002	260.514415349357	5.562658196895989	0.007289481655649022	178.4951134654445	True
03	V3	493	attraction	2.3106782321280073	0.0010000000000000002	0.3309391711238307	0.0030217033438626117	-5.801934585448942	0.0070444584785217534	178.53917005494847	True
03	V3AB	252	suppression	2.3438406008506343	0.0010000000000000002	0.10639671089203648	0.009398786782184709	-4.667174663760907	0.002180468934792734	229.91750364959466	True
03	V3AB	252	attraction	2.3501650082227235	0.12195576267554406	0.0010000000000000002	121.95576267554404	4.80365837795748	0.002249187989552537	229.9016694100036	True
03	hV4	168	suppression	1.5758532693559801	0.41067837572287186	0.0010000000000000002	410.67837572287175	6.017810367331075	0.014584624932715728	90.41565128682345	True
03	hV4	168	attraction	2.1709221199239317	0.0010000000000000002	0.41112655355015076	0.0024323410671600334	-6.018901083280192	0.01363495004739479	90.50278761069212	True
03	LO	418	suppression	7.999999999999998	0.15466956501564985	0.0010000000000000002	154.66956501564982	5.041291002707888	0.001514661805192663	173.18336914221095	True
03	LO	418	attraction	4.225092649343205	0.0010000000000000002	0.06872402549849453	0.014550952054196917	-4.230098854227161	0.0010398022949466013	173.26573166342968	True
03	TO	288	suppression	1.6728267419055496	0.0010000000000000002	0.049390272282803245	0.020246901946077776	-3.899753487450948	0.0003325395237554485	232.31216951453519	True
03	TO	288	attraction	1.5424822325563576	0.06133593941540326	0.0010000000000000002	61.335939415403246	4.116365958506713	0.0003653469307738355	232.3045454193216	True
03	VO	159	suppression	7.999999999999998	0.41852559144418006	0.0010000000000000002	418.52559144417995	6.036738038464174	0.017995194420364236	147.04197087862508	True
03	VO	159	attraction	2.4876616664757556	0.0010000000000000002	0.3017629381258021	0.003313859568742367	-5.7096417360287965	0.013786452739263932	147.67217316296393	True
04	V1	536	suppression	6.267392133214466	0.0010000000000000002	0.049331622146232004	0.02027097339381493	-3.8985652982693972	0.0001769936780157133	135.30431971181434	True
04	V1	536	attraction	0.6962543657842878	0.2805705871531705	0.0010000000000000002	280.57058715317044	5.636825340909689	0.0004570173500082486	135.2664245921756	True
04	V2	534	suppression	0.7888400600646441	0.42474633333941963	0.0010000000000000002	424.74633333941955	6.051492128000171	0.0018514816625287978	143.18795397100928	True
04	V2	534	attraction	0.9048779465587272	0.0010000000000000002	0.1400507219435734	0.007140270225832191	-4.942004656591606	0.0006653376151735113	143.35811055205454	True
04	V3	474	suppression	0.5	0.0010000000000000002	0.3180472747178676	0.003144186664976385	-5.762200034365786	0.0006650140592615594	166.37858366099758	True
04	V3	474	attraction	0.5	0.9651602077343788	0.0010000000000000002	965.1602077343786	6.872294105937055	0.0019165724631499126	166.17021257668904	True
04	V3AB	162	suppression	7.999999999999998	0.17506552671139738	0.0010000000000000002	175.06552671139735	5.165160342189811	0.0013562906076880488	204.9696510087395	True
04	V3AB	162	attraction	3.2211623906010045	0.0010000000000000002	0.06588751811105821	0.01517738152337788	-4.187949017059803	0.000757478282171653	205.09255605708304	True
04	hV4	196	suppression	7.999999999999998	0.17505057274355393	0.0010000000000000002	175.0505727435539	5.165074919280806	0.001013807473814854	105.79990667401651	True
04	hV4	196	attraction	7.999999999999998	0.0010000000000000002	0.12515451023762109	0.00799012355288977	-4.82954905588299	0.0004703544489740308	105.85746230365386	True
04	LO	231	suppression	2.3344412576282365	0.1920475396072281	0.0010000000000000002	192.04753960722803	5.257742943500415	0.006993861863398454	123.20993151130887	True
04	LO	231	attraction	2.191252423807306	0.0010000000000000002	0.22991618642984343	0.004349411042032658	-5.437714835684125	0.0066614310348189765	123.25117876854978	True
04	TO	87	suppression	1.0674245279780827	0.6332633703319258	0.0010000000000000002	633.2633703319257	6.450886402487435	0.017332735666132804	90.41044357663901	True
04	TO	87	attraction	1.5531819250187409	0.0010000000000000002	0.36830540213811497	0.002715138019140428	-5.908912491109169	0.014792910438925166	90.6441205634822	True
05	V1	490	suppression	2.0851067519289637	0.1611646882994988	0.0010000000000000002	161.16468829949875	5.082426750862402	0.002668708815958043	135.37405009035845	True
05	V1	490	attraction	2.292050882299454	0.0010000000000000002	0.18066687292182246	0.005535049031554981	-5.1966548544045885	0.002552607403514595	135.38980926543158	True
05	V2	444	suppression	1.5119388927349386	0.2487890084812515	0.0010000000000000002	248.78900848125144	5.5166051817591235	0.005432262729111015	101.33431395256841	True
05	V2	444	attraction	2.24379889835797	0.0010000000000000002	0.22153259784925844	0.004514008365849837	-5.400569747276628	0.0042900473986680066	101.45069175425958	True
05	V3	452	suppression	1.7920245178591434	0.16995906028842334	0.0010000000000000002	169.9590602884233	5.135557586215223	0.002803494672967588	136.15165049597675	True
05	V3	452	attraction	2.2380511597024406	0.0010000000000000002	0.16453521352306033	0.006077726333395774	-5.103124611266976	0.0025262608784344387	136.189502452434	True
05	V3AB	152	suppression	0.5	0.0010000000000000002	0.8421300784638162	0.0011874650075724225	-6.735934489797081	0.0035620754767012874	123.19175555957753	True
05	V3AB	152	attraction	0.5	1.830078630943181	0.0010000000000000002	1830.0786309431805	7.512114212640894	0.007066231718152349	122.75852921550204	True
05	hV4	294	suppression	2.6396331589719413	0.27134344627681967	0.0010000000000000002	271.3434462768196	5.603385347930363	0.011345204361583039	139.55788489433564	True
05	hV4	294	attraction	2.3695384147929586	0.0010000000000000002	0.3753874888767332	0.0026639140345148062	-5.927958796150934	0.010957013639793955	139.61268165080463	True
05	LO	404	suppression	0.9273595304912013	0.8958459690332509	0.0010000000000000002	895.8459690332506	6.797768488635684	0.014013111928129374	99.68989581884327	True
05	LO	404	attraction	0.983595226959092	0.0010000000000000002	0.5023390250221429	0.0019906874644189166	-6.219275240396139	0.007031875531161247	100.39574570135179	True
05	TO	121	suppression	0.9097359294318113	0.17462513148238532	0.0010000000000000002	174.62513148238529	5.162641570518204	0.0005962215970914952	63.06041357730989	True
05	TO	121	attraction	0.9387408148517408	0.0010000000000000002	0.1209848258617967	0.008265499353962947	-4.795665131631885	0.00042167094980360975	63.07142737998506	True
05	VO	61	suppression	0.5	0.0010000000000000002	0.1861955572519319	0.005370697425647757	-5.226797504472016	8.487345637486765e-05	58.356227418668496	True
05	VO	61	attraction	0.5	0.4567096317803975	0.0010000000000000002	456.7096317803974	6.124047809919072	0.00021236205889529902	58.3487870332953	True
06	V1	433	suppression	2.797611935624597	0.0010000000000000002	0.24684569706768364	0.004051113760049891	-5.508763433188486	0.00798711012749631	152.61248463452316	True
06	V1	433	attraction	6.799780450845528	2.0	0.0010000000000000002	1999.9999999999995	7.600902459542082	0.011520613448936068	152.06888613206965	True
06	V2	412	suppression	2.40823072171163	0.0010000000000000002	0.2893408157927827	0.0034561318190108738	-5.667605286692813	0.011444300472340463	130.1189925373036	True
06	V2	412	attraction	1.7200227189110155	0.5570323700957711	0.0010000000000000002	557.032370095771	6.322623353311866	0.01257909520842515	129.96962478001234	True
06	V3	433	suppression	2.772074980169348	0.0010000000000000002	0.19347668119389222	0.005168581525325279	-5.265156994581967	0.0065435588683728785	184.10068618237176	True
06	V3	433	attraction	7.999999999999998	1.9091064900619092	0.0010000000000000002	1909.1064900619087	7.554390605334885	0.00877430933621115	183.6872984636683	True
06	hV4	146	suppression	5.7440832852776005	0.0010000000000000002	0.10646412247074792	0.0093928356031372	-4.667808050184329	0.001956751726283734	89.28972243936686	True
06	hV4	146	attraction	7.999999999999998	0.5627208868693762	0.0010000000000000002	562.720886869376	6.332783744764692	0.0036510211147452454	89.13814499651062	True
06	LO	261	suppression	2.433573368247382	0.0010000000000000002	0.3232881637856312	0.003093215626239534	-5.778544073438348	0.024206588669200668	98.93360537926071	True
06	LO	261	attraction	1.9452437630537402	0.59075263781575	0.0010000000000000002	590.75263781575	6.381397381255102	0.024898708424747285	98.86343283866418	True
06	TO	70	suppression	2.341384613791867	0.0010000000000000002	0.17434309170667645	0.005735816602830758	-5.161025149203155	0.010428979404152994	34.87566724384338	True
06	TO	70	attraction	2.5161694692552032	0.2133433080763544	0.0010000000000000002	213.34330807635436	5.362902643200463	0.010980018040646966	34.85624686902956	True
07	V1	551	suppression	2.4014944510499747	0.0010000000000000002	0.31000864660146504	0.003225716479081182	-5.736600189353	0.01609339667999199	188.44896819240384	True
07	V1	551	attraction	2.11288355335155	0.506611276939597	0.0010000000000000002	506.61127693959685	6.227743997366402	0.016913356836313898	188.29192010989647	True
07	V2	404	suppression	2.5451329201825654	0.0010000000000000002	0.36177247345289304	0.0027641682918980066	-5.891015487847041	0.020837672577237787	155.7576107165292	True
07	V2	404	attraction	2.5334161750865754	0.6319543234192443	0.0010000000000000002	631.9543234192441	6.448817118464217	0.020982730273446326	155.734536054091	True
07	V3	611	suppression	2.4665236710574177	0.0010000000000000002	0.1958618895457263	0.005105638479845964	-5.277409765676554	0.007971793907599056	188.7305627793093	True
07	V3	611	attraction	2.5044759415198414	0.2523967395894996	0.0010000000000000002	252.39673958949953	5.531002212950897	0.008057067086401748	188.7143397980205	True
07	V3AB	273	suppression	2.2809441005417117	0.0010000000000000002	0.29291514581329897	0.0034139579816654126	-5.67988296234075	0.03686714691559578	192.2162156890643	True
07	V3AB	273	attraction	2.9360459130887944	0.4010290630422529	0.0010000000000000002	401.0290630422528	5.994033901094876	0.038620996395083096	191.86619304290946	True
07	hV4	238	suppression	7.999999999999998	0.0010000000000000002	0.05014336356546947	0.019942818528604578	-3.914886173955809	0.0002551079018079383	144.2020912287844	True
07	hV4	238	attraction	7.999999999999998	0.1281732519503898	0.0010000000000000002	128.17325195038978	4.853382879584879	0.0005268808259254465	144.1628910045003	True
07	LO	415	suppression	1.8442312306043327	0.0010000000000000002	0.24392819325963463	0.004099567117014681	-5.496873892061895	0.008076320478531462	145.84755490485355	True
07	LO	415	attraction	7.999999999999998	1.6938504761721882	0.0010000000000000002	1693.8504761721879	7.4347596045938245	0.01420284504989322	144.946741014385	True
07	TO	163	suppression	2.3678724452144366	0.0010000000000000002	0.07985236764762141	0.012523110202729068	-4.380179525412685	0.0025801145215700316	96.71171071188698	True
07	TO	163	attraction	2.65390810708463	0.08507533339358911	0.0010000000000000002	85.07533339358909	4.4435371391990275	0.002661421344051118	96.7038270492398	True
07	VO	69	suppression	1.1993555996143703	0.0010000000000000002	0.184578948860509	0.005417735912862554	-5.218077279057476	0.0025118213060358885	51.98446212366235	True
07	VO	69	attraction	0.84481985852198	0.6004861586395411	0.0010000000000000002	600.486158639541	6.397739591528396	0.00445787427107136	51.883042859943366	True
08	V1	649	suppression	0.5940715860257211	0.0010000000000000002	0.2854722828951925	0.00350296704765253	-5.654144941704401	0.0014358775755634046	176.25348018677062	True
08	V1	649	attraction	0.5	1.3064059555078633	0.0010000000000000002	1306.405955507863	7.1750351003628445	0.0043370030185536645	175.74141146298757	True
08	V2	504	suppression	2.449600340731215	0.0010000000000000002	0.1516907646185851	0.006592359149315545	-5.02184400525661	0.0028482106181372258	169.14353581143587	True
08	V2	504	attraction	2.2952243682704783	0.19119433239890324	0.0010000000000000002	191.19433239890319	5.253290357912809	0.0029298813438998206	169.129682278328	True
08	V3	547	suppression	7.376136034987939	0.1854443504789296	0.0010000000000000002	185.44435047892955	5.222754839621093	0.0009649296547385999	167.43799231874206	True
08	V3	547	attraction	2.894597987205441	0.0010000000000000002	0.08871911892742251	0.011271527626621938	-4.485475412057526	0.0008085032169911077	167.46420934501018	True
08	V3AB	73	suppression	1.3059372796354978	0.0010000000000000002	0.21733783533992937	0.004601131682552835	-5.381452987798272	0.0034382502724302766	92.52914601065561	True
08	V3AB	73	attraction	0.5	1.8407365485925575	0.0010000000000000002	1840.736548592557	7.517921068653231	0.00616285059329158	92.27617127930698	True
08	hV4	120	suppression	0.9014784523555552	0.8003507065913146	0.0010000000000000002	800.3507065913144	6.685050014845212	0.0069363184940548495	79.62959134908057	True
08	hV4	120	attraction	1.644647485890415	0.0010000000000000002	0.2560330451553311	0.0039057458360240824	-5.545306518787127	0.003443794086565699	79.90964216205896	True
08	LO	219	suppression	7.543191909723238	0.292040090536241	0.0010000000000000002	292.04009053624094	5.676891089200989	0.00371507867016041	91.22055965823958	True
08	LO	219	attraction	3.230732125220436	0.0010000000000000002	0.15231507803047897	0.006565338198493359	-5.025951257170646	0.0027664583340440974	91.30741601439944	True
08	TO	78	suppression	1.9654969897677637	0.0010000000000000002	0.30840128191645866	0.0032425286749323094	-5.731401798348689	0.015452622413048012	40.8720755856979	True
08	TO	78	attraction	1.5099810574081374	0.6298244781390714	0.0010000000000000002	629.8244781390713	6.445441174439223	0.017441992354991	40.78948973915967	True
09	V1	487	suppression	5.510639807908207	0.15161101876258679	0.0010000000000000002	151.61101876258675	5.0213181536975	0.0017258818290231126	142.39033387820078	True
09	V1	487	attraction	0.6519410630710499	0.46226460398987634	0.0010000000000000002	462.2646039898762	6.136137463039948	0.0017525892423736478	142.3865244260325	True
09	V2	498	suppression	1.0905223995982158	0.0010000000000000002	0.05180849949478155	0.019301852200925566	-3.9475542187161494	0.0002934085567503075	126.27864093854679	True
09	V2	498	attraction	1.0131263768115442	0.15383513728666734	0.0010000000000000002	153.8351372866673	5.035881491879934	0.0007990684887553279	126.21476814873304	True
09	V3	565	suppression	1.4573652772842371	0.0010000000000000002	0.1171027086806939	0.008539512119456763	-4.763051401682806	0.002045238331009447	177.6389347637293	True
09	V3	565	attraction	0.8662612336892508	0.4943648499264663	0.0010000000000000002	494.36484992646615	6.2032738071889595	0.004488183676032653	177.2040831798257	True
09	V3AB	323	suppression	1.7662145580914705	0.0010000000000000002	0.2978826277207344	0.0033570269191310555	-5.696699542210594	0.020637883511931743	304.55950190273984	True
09	V3AB	323	attraction	0.6818580023158866	2.0	0.0010000000000000002	1999.9999999999995	7.600902459542082	0.03007082040460396	301.6260715472609	True
09	hV4	416	suppression	2.2905853545422277	0.0010000000000000002	0.28430580999143273	0.0035173393045683245	-5.650050454576991	0.021302139781368634	189.00828124628939	True
09	hV4	416	attraction	1.9509939164047585	0.44916730131198357	0.0010000000000000002	449.16730131198346	6.107395427053525	0.021787306622211733	188.9145847599346	True
09	LO	590	suppression	0.5	0.0010000000000000002	0.07856233421366159	0.012728746033440862	-4.363892376100495	3.712772250008545e-05	263.5572892796347	True
09	LO	590	attraction	0.5	0.17389718472446133	0.0010000000000000002	173.89718472446128	5.158464232180667	8.395083482526378e-05	263.54494824888025	True
09	TO	248	suppression	1.8080966103786102	0.0010000000000000002	0.2947385875474328	0.0033928370503542174	-5.686088819575198	0.022518684124742894	167.12552586989847	True
09	TO	248	attraction	0.6962803767585385	2.0	0.0010000000000000002	1999.9999999999995	7.600902459542082	0.029129957631389147	165.99515893242037	True
09	VO	132	suppression	2.3871235020293713	0.0010000000000000002	0.22333364823395874	0.004477605626862036	-5.408666833718708	0.0158458622331602	187.14931993584045	True
09	VO	132	attraction	7.999999999999998	1.20171791732239	0.0010000000000000002	1201.7179173223897	7.091507409785621	0.018842920004405683	186.57939160635158	True
10	V1	619	suppression	1.0177350718471532	0.33208282407044926	0.0010000000000000002	332.0828240704492	5.805384407895714	0.0027669443438169683	111.7938952471778	True
10	V1	619	attraction	1.6433674711597095	0.0010000000000000002	0.12438653014944907	0.008039455709541145	-4.823393895901129	0.0011279780768825853	111.97763005432253	True
10	V2	532	suppression	2.1793820286267933	0.0010000000000000002	0.0608318194249691	0.016438765262206494	-4.108112997879879	0.0004156694610460976	99.99191574820466	True
10	V2	532	attraction	1.2538518141986676	0.11354441412852678	0.0010000000000000002	113.54441412852675	4.732194074285863	0.0005863218124906311	99.97484479678361	True
10	V3	471	suppression	0.7432394898776704	0.07383606274503589	0.0010000000000000002	73.83606274503587	4.3018472673352	5.651223883973433e-05	100.7741513832001	True
10	V3	471	attraction	7.999999999999998	0.07130749222822447	0.0010000000000000002	71.30749222822445	4.267001402239452	8.803365875509339e-05	100.77097465933397	True
10	V3AB	224	suppression	2.4854580650182143	0.24320477268236154	0.0010000000000000002	243.2047726823615	5.493903774415743	0.016466187569490143	124.00896949075114	True
10	V3AB	224	attraction	2.2430141865878723	0.0010000000000000002	0.3246495043834959	0.003080244961097304	-5.782746152335421	0.015947321866163544	124.07439073032664	True
10	hV4	267	suppression	7.999999999999998	0.0010000000000000002	0.06258954534327728	0.015977109188370385	-4.136598256862891	0.00033584821951959665	100.79971549633282	True
10	hV4	267	attraction	7.999999999999998	0.19960291576816627	0.0010000000000000002	199.6029157681662	5.296329971827612	0.0007941506972841683	100.75350321665104	True
10	LO	367	suppression	4.427081592131255	0.18181211666970404	0.0010000000000000002	181.81211666970398	5.202973827870682	0.004283419736633265	87.28608095807029	True
10	LO	367	attraction	2.667709947261166	0.0010000000000000002	0.16607221308998257	0.006021476930991292	-5.112422712377731	0.003474840134963353	87.35696231725558	True
10	TO	201	suppression	2.413012564868995	0.1783062321400753	0.0059956163313827264	29.73943332677423	3.392473886606165	0.009417984861754713	61.23843588569417	True
10	TO	201	attraction	2.2502797817899176	0.0010000000000000002	0.2128311724486844	0.004698559842032114	-5.3604992338101916	0.009245385039157727	61.249106120978546	True
10	VO	104	suppression	0.6442684079989077	2.0	0.0010000000000000002	1999.9999999999995	7.600902459542082	0.043932525287966206	33.630514430710505	True
10	VO	104	attraction	2.016106539299375	0.0010000000000000002	0.5346917215633412	0.0018702365487840028	-6.281690359439734	0.03802813019388218	33.83820672196434	True
11	V1	419	suppression	0.5	0.0010000000000000002	0.24533491056281137	0.0040760607518348976	-5.5026242589646035	0.000268287239076348	97.80757062890089	True
11	V1	419	attraction	0.5	0.734111151489975	0.0010000000000000002	734.1111514899748	6.598660449697414	0.0007459204519281171	97.7608419479914	True
11	V2	345	suppression	2.6038780948807356	0.0010000000000000002	0.10758499251360622	0.009294976712235498	-4.678281163219561	0.0010351456481304533	78.13044007956383	True
11	V2	345	attraction	4.579020262249312	0.1814213638316215	0.0010000000000000002	181.42136383162145	5.200822302695866	0.001312741126062611	78.10872894852608	True
11	V3	369	suppression	1.16091242313354	0.0010000000000000002	0.09563345486891049	0.010456591800126322	-4.560522705167936	0.0007351071751948712	69.4264968214346	True
11	V3	369	attraction	1.006724243147073	0.32056147460184636	0.0010000000000000002	320.56147460184627	5.770074066397937	0.0020108188935430427	69.33786347086367	True
11	V3AB	173	suppression	2.914174655280998	0.2909713287378378	0.0010000000000000002	290.9713287378377	5.673224735643323	0.014870281533146623	77.26479910329155	True
11	V3AB	173	attraction	2.3516572511496774	0.0010000000000000002	0.42138484049051445	0.002373127611415605	-6.0435465265666535	0.014011830234701983	77.33212837564109	True
11	hV4	199	suppression	7.999999999999998	0.30598461007647115	0.0010000000000000002	305.9846100764711	5.723534806819861	0.0012451769551853342	75.81532549318409	True
11	hV4	199	attraction	7.999999999999998	0.0010000000000000002	0.5744767651274456	0.0017407144391264524	-6.353459652828552	0.0007063845454754469	75.85622514240018	True
11	LO	390	suppression	2.806835491010039	0.24718812114817282	0.04517696940993473	5.471551641837543	1.6995622401645518	0.0036636184382127235	90.07716504691993	True
11	LO	390	attraction	2.464937430314801	0.0018902753192945611	0.29506967739444545	0.006406199837225784	-5.050489032960819	0.0036337944728255245	90.07986138352095	True
11	TO	86	suppression	7.999999999999998	0.557719315484315	0.0010000000000000002	557.7193154843148	6.3238558169795756	0.03226796699448431	41.875563805159125	True
11	TO	86	attraction	2.876015670672128	0.0010000000000000002	0.497419231747498	0.0020103766323768205	-6.209433195172509	0.023000602406298642	42.27657989626958	True
11	VO	58	suppression	7.999999999999998	0.4379138227104426	0.0010000000000000002	437.9138227104425	6.082022139215629	0.0060434752944412695	31.790105664698938	True
11	VO	58	attraction	3.2328532631302624	0.0010000000000000002	0.2675598791357079	0.003737481132187216	-5.589343388522297	0.004143741502849574	31.850865603859653	True
12	V1	424	suppression	7.999999999999998	0.3977398820652291	0.0010000000000000002	397.739882065229	5.98579822896909	0.003463760070151811	245.1529099968162	True
12	V1	424	attraction	2.9515875655764168	0.0010000000000000002	0.21590809305221603	0.004631600353017598	-5.374852822006797	0.0020539069746885463	245.49974092495702	True
12	V2	394	suppression	7.999999999999998	0.24416570554288658	0.0010000000000000002	244.1657055428865	5.497847115872238	0.00147486116664175	116.38786646353365	True
12	V2	394	attraction	7.999999999999998	0.0010000000000000002	0.2028312885470043	0.004930205823586529	-5.31237454259282	0.0006511850699413291	116.48387396482099	True
12	V3	469	suppression	2.810861704064836	0.0010000000000000002	0.254111617157461	0.003935278564538619	-5.537773608121897	0.010439359805522908	116.85545371142565	True
12	V3	469	attraction	3.1866296650230446	0.41423669503060506	0.0010000000000000002	414.23669503060495	6.026437537578692	0.010981918841356797	116.79138388111679	True
12	V3AB	270	suppression	2.4736750711737954	0.0010000000000000002	0.1953586748863162	0.005118789839160835	-5.274837227406938	0.012537147833629025	199.17697347077947	True
12	V3AB	270	attraction	3.4709829298361994	0.263609771396079	0.0010000000000000002	263.60977139607894	5.574469870970444	0.013765254605023758	198.92925722576962	True
12	hV4	344	suppression	3.509767485953728	0.0010000000000000002	0.1409176306585015	0.007096344121931706	-4.948175539951769	0.004165826700346931	188.1104681022251	True
12	hV4	344	attraction	7.999999999999998	1.276563250058697	0.0010000000000000002	1276.5632500586967	7.15192678504953	0.007487179829827717	187.48307319183633	True
12	LO	475	suppression	2.432311144974288	0.0010000000000000002	0.20441039123217652	0.004892119201827489	-5.320129694768161	0.009792690611235777	222.05277506000857	True
12	LO	475	attraction	2.735901615136284	0.26879653520303376	0.0010000000000000002	268.79653520303367	5.593954718696253	0.010433892611987683	221.908986297503	True
12	TO	291	suppression	2.3611989214892293	0.0010000000000000002	0.25800173020504336	0.0038759429993173453	-5.552966291120229	0.029287760144120045	261.5466462005809	True
12	TO	291	attraction	3.3946167474066034	0.34972497718093937	0.0010000000000000002	349.7249771809393	5.857147066113909	0.032128017688136556	260.7813732345228	True
12	VO	124	suppression	1.5606530506950294	0.0010000000000000002	0.04462121089168431	0.02241086649188989	-3.798209326504478	0.00025840246232167186	99.93853961189592	True
12	VO	124	attraction	7.999999999999998	0.07847721198498171	0.0010000000000000002	78.4772119849817	4.362808289460194	0.0003299495276100073	99.93138745454242	True
13	V1	499	suppression	0.9179010123850797	0.3100706206251021	0.0010000000000000002	310.07062062510204	5.736800080002854	0.0023246370656377913	149.4128043319895	True
13	V1	499	attraction	1.222488827149488	0.0010000000000000002	0.10005477798431417	0.009994525200553368	-4.6057178158546215	0.0008960510010544986	149.62675072985502	True
13	V2	489	suppression	1.3524169397028718	0.31827759421888174	0.0010000000000000002	318.2775942188817	5.762923939786792	0.006365317731915177	155.34872170167026	True
13	V2	489	attraction	1.883549175995626	0.0010000000000000002	0.20915754900450684	0.004781084903507129	-5.343087790971039	0.0036395241085130925	155.77488290817274	True
13	V3	496	suppression	2.062769195330441	0.2795206147164618	0.0010000000000000002	279.5206147164617	5.633076045569296	0.010500165178197296	143.4633385897374	True
13	V3	496	attraction	2.3674901809897912	0.0010000000000000002	0.3531070982902336	0.0028320019757236883	-5.866771405508362	0.010217354796644762	143.50434205441474	True
13	V3AB	330	suppression	1.5944011270166596	0.12041256990355713	0.0010000000000000002	120.4125699035571	4.79092392861763	0.001747433236509166	254.8565818386358	True
13	V3AB	330	attraction	1.765904397015761	0.0010000000000000002	0.10363312549956276	0.00964942430501355	-4.640857022922372	0.001503882967348158	254.9187608814661	True
13	hV4	248	suppression	7.999999999999998	0.21198374213364402	0.0010000000000000002	211.98374213364397	5.3565095836824845	0.0020097498293741856	145.32087750776589	True
13	hV4	248	attraction	4.217211349740658	0.0010000000000000002	0.08306460213990521	0.012038822485608324	-4.419618644082858	0.0011082581206273145	145.45214689257068	True
13	LO	296	suppression	0.5	0.0010000000000000002	0.576036544528671	0.0017360009699006645	-6.356171104045595	0.0015382620907629097	124.30605277012043	True
13	LO	296	attraction	0.5	1.147910414399709	0.0010000000000000002	1147.9104143997088	7.045698537597339	0.0028646921282931004	124.14091546342067	True
13	TO	270	suppression	1.7191682935993324	0.23153396308711024	0.0010000000000000002	231.53396308711018	5.4447265715652176	0.005921804160954891	171.9828236187538	True
13	TO	270	attraction	1.8241952590257902	0.0010000000000000002	0.23340761710029734	0.004284350324223958	-5.452786354711095	0.005627227244894617	172.0337875871911	True
13	VO	49	suppression	3.7469871797470575	0.40547975376399403	0.0010000000000000002	405.4797537639939	6.005070943243604	0.08575996805349206	53.038487150653495	True
13	VO	49	attraction	2.0672281883501955	0.0010000000000000002	0.8271624354847944	0.0012089523860134037	-6.718001091075049	0.08279316164856942	53.210602697870286	True
14	V1	539	suppression	2.9565044802269616	0.25641023363528165	0.0010000000000000002	256.4102336352816	5.546778637024131	0.005083654210172206	175.0059035992748	True
14	V1	539	attraction	2.477072210643063	0.0010000000000000002	0.35687453146029724	0.002802105255054469	-5.877384267513573	0.004933891750603214	175.03224683373168	True
14	V2	596	suppression	2.598645677113024	0.35852377991470197	0.0010000000000000002	358.5237799147019	5.8819949895405275	0.012923565507046209	157.31151990973487	True
14	V2	596	attraction	2.392917525421919	0.0010000000000000002	0.5866943101048183	0.0017044651410056135	-6.3745039177508485	0.012698309182040068	157.34741927235535	True
14	V3	462	suppression	7.999999999999998	0.2678506098185803	0.0010000000000000002	267.8506098185802	5.590429399041123	0.0013415982980903296	151.7896431467799	True
14	V3	462	attraction	7.999999999999998	0.0010000000000000002	0.27093411040826293	0.0036909342957707637	-5.601875656292728	0.0006253833573801604	151.89850320351354	True
14	V3AB	79	suppression	1.3512100252212234	0.36921870722317157	0.0010000000000000002	369.21870722317146	5.911389170963593	0.008707455350645432	54.16904978511339	True
14	V3AB	79	attraction	1.7786186730195868	0.0010000000000000002	0.27844351413251417	0.0035913926855702942	-5.6292152170099135	0.006451307417980279	54.29233669002029	True
14	hV4	141	suppression	7.999999999999998	0.8543365431556851	0.0010000000000000002	854.3365431556849	6.750325194796611	0.070306803093795	57.93729331660999	True
14	hV4	141	attraction	2.356778045544164	0.0010000000000000002	2.0	0.0005000000000000001	-7.600902459542082	0.05917935852936995	58.63074145814613	True
14	LO	335	suppression	2.2916028763040837	0.4794175050747674	0.0010000000000000002	479.4175050747673	6.172571835882596	0.03052819998813383	97.19759166967236	True
14	LO	335	attraction	2.1254441604671985	0.0010000000000000002	0.8710367127763662	0.0011480572349385515	-6.769684126109292	0.030664832357765515	97.18389314097647	True
14	TO	49	suppression	2.2962586318658564	0.7120017205353866	0.0010000000000000002	712.0017205353864	6.56808032789134	0.054222293021435775	32.186611870155176	True
14	TO	49	attraction	1.9394215527850802	0.0010000000000000002	2.0	0.0005000000000000001	-7.600902459542082	0.05836206065392702	32.04572771414635	True
15	V1	506	suppression	1.6225457710535895	0.43633706777534303	0.0010000000000000002	436.3370677753429	6.07841503589579	0.011343652752074052	147.42221935187615	True
15	V1	506	attraction	2.212039951090395	0.0010000000000000002	0.5613741371853626	0.001781343196560204	-6.330387594440099	0.009607136178662046	147.68115778675934	True
15	V2	498	suppression	2.196382923968794	0.07865007450258722	0.0010000000000000002	78.6500745025872	4.3650085767713165	0.00040272258816920203	149.93963373870082	True
15	V2	498	attraction	2.3613759951708047	0.0010000000000000002	0.08097851026826924	0.012348955255995143	-4.394183814142744	0.0003860377389369729	149.94213646678884	True
15	V3	418	suppression	7.999999999999998	0.32448586710874544	0.0010000000000000002	324.48586710874537	5.782241982372104	0.0036979696661940675	128.98435677769052	True
15	V3	418	attraction	2.7037554116433125	0.0010000000000000002	0.1571835294300339	0.006361989730260662	-5.057414099887757	0.002543024701063379	129.13387954177753	True
15	V3AB	130	suppression	1.5292163932511909	0.0010000000000000002	0.2194900585508513	0.00455601500406143	-5.391306940149457	0.005855126536533417	115.51175827398181	True
15	V3AB	130	attraction	0.538974281413007	2.0	0.0010000000000000002	1999.9999999999995	7.600902459542082	0.010928264067232352	114.92229988438595	True
15	hV4	121	suppression	3.0535883023667365	0.0010000000000000002	0.12327885751005815	0.008111691008479792	-4.814448923529414	0.0026227440166813887	43.39874012254039	True
15	hV4	121	attraction	3.6307880227108003	0.17994887334754212	0.0010000000000000002	179.94887334754208	5.192672773585974	0.003022117099318433	43.38136225622017	True
15	LO	416	suppression	2.6061256978244924	0.0010000000000000002	0.094939986323782	0.010532969707722668	-4.553244969071992	0.002014691769099186	156.7259178170041	True
15	LO	416	attraction	7.999999999999998	0.4205031231997924	0.0010000000000000002	420.5031231997923	6.041451906733321	0.0030825409761887634	156.5582203111481	True
15	TO	118	suppression	1.5621346883637712	0.08089038551728578	0.0010000000000000002	80.89038551728576	4.393094972963439	0.0005345605533385589	146.349535193287	True
15	TO	118	attraction	1.6508072492308004	0.0010000000000000002	0.07211929027103144	0.013865915710511033	-4.278321557341483	0.0004840123199019164	146.35693686039457	True
16	V1	425	suppression	1.5325658913928137	0.4187019242044471	0.0010000000000000002	418.701924204447	6.037159268678371	0.007175028629609392	125.59027711190336	True
16	V1	425	attraction	2.096688148941368	0.0010000000000000002	0.42901307858939786	0.0023309312697133077	-6.061487404685694	0.005939875483183643	125.74652139504336	True
16	V2	433	suppression	2.6663070370046738	0.0010000000000000002	0.10142447586627146	0.00985955304633276	-4.619314441381563	0.0009608791571787956	83.22450717737277	True
16	V2	433	attraction	0.5	0.7549982373507405	0.0010000000000000002	754.9982373507403	6.626715414611518	0.0010707680684537424	83.21535293076289	True
16	V3	395	suppression	1.442524600413553	0.36373220741424866	0.0010000000000000002	363.7322074142486	5.896417902964268	0.005224119485577661	161.79379849461685	True
16	V3	395	attraction	1.9671430805612555	0.0010000000000000002	0.2747841673648699	0.0036392198633197034	-5.615985943567819	0.0036795608370883137	162.04501086881268	True
16	V3AB	199	suppression	1.0617020558290502	0.42273835181675457	0.0010000000000000002	422.73835181675446	6.046753434038366	0.0074351244407308	139.607861502904	True
16	V3AB	199	attraction	1.6545368677782635	0.0010000000000000002	0.20966008924163484	0.00476962498497982	-5.345487596673648	0.004425577028297267	140.0311652976355	True
16	hV4	193	suppression	1.6662629824399553	0.0010000000000000002	0.1304659676407854	0.007664834117915873	-4.871112408390796	0.0013195438497977108	114.17607557637277	True
16	hV4	193	attraction	0.5	1.3920963093219587	0.0010000000000000002	1392.0963093219584	7.238566026232296	0.002010384575762303	114.09709387361367	True
16	LO	132	suppression	1.4429936342565863	0.3380458213599697	0.0010000000000000002	338.04582135996964	5.823181452448514	0.004153983058133193	71.5524229463315	True
16	LO	132	attraction	1.7098293101945174	0.0010000000000000002	0.2359733146844626	0.004237767314228621	-5.463718725261413	0.002785227374891508	71.65076926081319	True
16	TO	159	suppression	2.8493104304266335	0.0010000000000000002	0.2312725968597647	0.0043239018092851005	-5.443597087768956	0.012837652777926367	112.22230082505848	True
16	TO	159	attraction	2.914124184009862	0.34070315266258444	0.0010000000000000002	340.7031526625844	5.831011578109827	0.012822409531823564	112.22403370329732	True
17	V1	451	suppression	2.5310476301574085	0.0010000000000000002	0.29879350904911584	0.0033467929178997652	-5.699752729626172	0.012845630145291387	106.91941529830527	True
17	V1	451	attraction	2.2882208793134344	0.49092797713531017	0.003924798228210655	125.08362177872463	4.828982487868583	0.01337670313492012	106.86189439249175	True
17	V2	472	suppression	2.240312600844988	0.0010000000000000002	0.18041178717048362	0.005542875084181893	-5.195241944576521	0.0038142414692634574	134.99328576281775	True
17	V2	472	attraction	0.5	1.517464553740355	0.0010000000000000002	1517.4645537403546	7.324796164334883	0.005365501638111669	134.78307425811337	True
17	V3	458	suppression	1.1152869045595013	0.2794031718458733	0.0010000000000000002	279.40317184587326	5.632655799105859	0.0030387019601872955	184.8305579197165	True
17	V3	458	attraction	1.6071158798577416	0.0010000000000000002	0.12257633727628856	0.008158181442034673	-4.8087339973394085	0.0015065880694314915	185.1146025118002	True
17	V3AB	184	suppression	2.9304102327214205	0.0010000000000000002	0.15569369633568098	0.0064228676146525915	-5.047890592058145	0.008664249217255837	142.5302022024856	True
17	V3AB	184	attraction	7.999999999999998	0.9420089214543951	0.0010000000000000002	942.0089214543949	6.8480147452898965	0.012877882367614224	141.92438325118331	True
17	hV4	247	suppression	2.269763769816025	0.0010000000000000002	0.19673770751210362	0.005082909690499868	-5.281871407643558	0.007340708561513698	113.9929729222495	True
17	hV4	247	attraction	1.8278944268091375	0.29552167537821555	0.0010000000000000002	295.5216753782155	5.688742185689785	0.007837279773136863	113.93594869533827	True
17	LO	504	suppression	2.639387820294419	0.0010000000000000002	0.2673199500682329	0.0037408356530994123	-5.588446255856352	0.020945004451108584	182.3427486540835	True
17	LO	504	attraction	2.7651577931476097	0.39419615199439223	0.0010000000000000002	394.19615199439215	5.976848633114385	0.021039704990759023	182.32511128255953	True
17	TO	160	suppression	2.3433758145866346	0.0010000000000000002	0.39762493226277873	0.0025149328396216596	-5.98550917971476	0.04287470282882866	169.08990998558198	True
17	TO	160	attraction	2.19972288183165	0.6905030272694188	0.0010000000000000002	690.5030272694187	6.537420357009785	0.043940486165964465	168.9016240745596	True
17	VO	70	suppression	7.0409232015975896	0.18781246818536643	0.0010000000000000002	187.81246818536638	5.235443955333793	0.004429483898759301	56.58331144071329	True
17	VO	70	attraction	2.881668476419493	0.0010000000000000002	0.10533922428289973	0.009493139965739576	-4.65718585009135	0.0033170701213469655	56.64653554608832	True
18	V1	413	suppression	1.6143518333668383	0.1498829978170826	0.0010000000000000002	149.88299781708258	5.009854975173837	0.0016003671007505105	102.98909137344488	True
18	V1	413	attraction	1.9596450566240056	0.0010000000000000002	0.12074469784868708	0.008281937160115837	-4.793678381412802	0.0011176805744547158	103.03888250429401	True
18	V2	381	suppression	1.2939307898763714	0.3140787413426786	0.0010000000000000002	314.07874134267854	5.749643723078318	0.003690999886910906	120.4613761796171	True
18	V2	381	attraction	1.8228502091628873	0.0010000000000000002	0.18331617070164516	0.005455056126104351	-5.211212370821647	0.001996814520254353	120.66621614467579	True
18	V3	373	suppression	0.9714604677827511	0.8696726191437778	0.0010000000000000002	869.6726191437776	6.768116840995342	0.01772055725513022	132.4771094626426	True
18	V3	373	attraction	2.374817530074807	0.0010000000000000002	0.5027803069027452	0.0019889402712692846	-6.220153309088958	0.013409901035855154	133.0584748572201	True
18	V3AB	230	suppression	0.5	1.3676742022145152	0.0010000000000000002	1367.674202214515	7.220866913542847	0.00892523977490578	150.6362575256137	True
18	V3AB	230	attraction	2.2683503025928555	0.0010000000000000002	0.18414211155282592	0.005430588318811172	-5.215707804899557	0.006884705568873772	150.9464040942538	True
18	hV4	86	suppression	1.609955338092837	0.0010000000000000002	0.24596529012722818	0.004065614296564932	-5.50519042893345	0.008436364863890211	53.13679497884575	True
18	hV4	86	attraction	0.5594226584628543	2.0	0.0010000000000000002	1999.9999999999995	7.600902459542082	0.01357157321946656	52.8616048610411	True
18	LO	171	suppression	1.9945493650683765	0.0010000000000000002	0.30909190222260413	0.0032352837224438598	-5.733638650873851	0.026065109725720292	59.85574159756204	True
18	LO	171	attraction	1.5250876366422363	0.6123279857803652	0.0010000000000000002	612.327985780365	6.417268063433812	0.03039545249861364	59.589608942667425	True
18	TO	123	suppression	7.999999999999998	0.2724284451579821	0.0010000000000000002	272.428445157982	5.607375993045195	0.014464066428811817	74.40153350590384	True
18	TO	123	attraction	7.999999999999998	0.0010000000000000002	0.23202809866089455	0.004309822843747406	-5.446858479250139	0.006157587278143084	75.02861849163861	True
18	VO	79	suppression	0.5	0.921793434726393	0.0010000000000000002	921.7934347263928	6.8263211580288825	0.001893830988575429	54.6039864444932	True
18	VO	79	attraction	2.5940098269482923	0.0010000000000000002	0.08236286972099864	0.012141393365571957	-4.411134725178093	0.0013727979459542405	54.632490908326545	True
19	V1	265	suppression	1.9019018336549818	0.07285472374872541	0.0010000000000000002	72.85472374872539	4.288467372662944	0.0004192114896064414	49.14929161959254	True
19	V1	265	attraction	0.5	0.7009839186359794	0.0010000000000000002	700.9839186359793	6.552484946166571	0.0010237119238103443	49.11956839114881	True
19	V2	382	suppression	1.45057772320674	0.1308303022648926	0.0010000000000000002	130.83030226489257	4.87390108088389	0.0009593405217757089	95.35786859820465	True
19	V2	382	attraction	7.999999999999998	0.5353135401311785	0.0010000000000000002	535.3135401311783	6.282852631552028	0.0014777182009204637	95.30838974051937	True
19	V3	365	suppression	0.5	1.6189020041571174	0.0010000000000000002	1618.902004157117	7.389503423221317	0.00879810199109532	114.57040448817654	True
19	V3	365	attraction	2.0091684291374046	0.0010000000000000002	0.21988355937304893	0.0045478616175365135	-5.393098130659551	0.0050256273659574635	115.00645484743396	True
19	V3AB	50	suppression	0.8300995002932426	2.0	0.0010000000000000002	1999.9999999999995	7.600902459542082	0.08838496556025022	35.269439238604534	True
19	V3AB	50	attraction	2.135899170288612	0.0010000000000000002	1.074273765690318	0.0009308614172081264	-6.979400145463982	0.08247965319128925	35.49790964323103	True
19	hV4	185	suppression	7.999999999999998	0.0010000000000000002	0.11444628168744019	0.008737723805925487	-4.740105557338179	0.0015716357880503073	82.98910226750749	True
19	hV4	185	attraction	7.999999999999998	0.46857850476931134	0.0010000000000000002	468.5785047693112	6.14970365385067	0.003346381375492813	82.8415858824223	True
19	LO	198	suppression	2.4472819816505984	0.0010000000000000002	0.22606037787464753	0.004423596958483848	-5.420802122329124	0.01701462859885694	50.049983759122746	True
19	LO	198	attraction	4.258705295133007	0.3748598658708738	0.0010000000000000002	374.8598658708737	5.926552265119522	0.019468576514086067	49.92503779667379	True
19	TO	84	suppression	2.085920851107152	0.19112752606147673	0.0010000000000000002	191.1275260614767	5.2529408809649025	0.008851479117255923	30.126950751550886	True
19	TO	84	attraction	2.079946822636581	0.0010000000000000002	0.20721233923487048	0.004825967428834067	-5.3337440609040065	0.008198822912238724	30.146788889763247	True
19	VO	62	suppression	0.5	1.649331717444592	0.0010000000000000002	1649.3317174445917	7.408125465121431	0.007153323379785914	39.3292482330327	True
19	VO	62	attraction	0.5	0.0010000000000000002	1.0019486149858265	0.0009980551747298398	-6.909701997880545	0.003808987395305774	39.461726110237294	True
20	V1	400	suppression	7.999999999999998	0.45454379946478823	0.0010000000000000002	454.54379946478815	6.119294277433772	0.004049791363443189	169.8618255764564	True
20	V1	400	attraction	7.765064164281804	0.0010000000000000002	2.0	0.0005000000000000001	-7.600902459542082	0.0019980916591014752	170.21174814717534	True
20	V2	316	suppression	7.999999999999998	0.23759719245357944	0.0010000000000000002	237.59719245357937	5.470576771145863	0.0007758996443737454	156.4382952486588	True
20	V2	316	attraction	0.5	0.9316423403802444	0.0010000000000000002	931.6423403802441	6.836948986075995	0.0010305380144732812	156.3984291240236	True
20	V3	400	suppression	1.883899912025161	0.0010000000000000002	0.10672714219684043	0.009369687779662149	-4.6702755045610225	0.0009834147742671107	250.39775021791965	True
20	V3	400	attraction	1.3004313312071156	0.24730654590411053	0.0010000000000000002	247.30654590411046	5.51062864366396	0.0015148836245727493	250.26454061319885	True
20	V3AB	56	suppression	2.0567296350547206	0.0010000000000000002	0.34282190440341237	0.0029169664690481966	-5.837211083175237	0.016681722484722772	123.11551989379262	True
20	V3AB	56	attraction	1.6388332184763903	0.6450940019482744	0.0010000000000000002	645.0940019482742	6.469396045631498	0.01876862218173514	122.85423141066475	True
20	hV4	137	suppression	2.207292331474069	0.0010000000000000002	0.20355005524427433	0.004912796505016568	-5.3159119463529025	0.004770503098474932	206.14435092640247	True
20	hV4	137	attraction	7.999999999999998	1.2073344454269976	0.0010000000000000002	1207.3344454269973	7.096170270890505	0.0058315792845884395	205.92456758763404	True
20	LO	238	suppression	2.3608307036289164	0.0010000000000000002	0.39595945535827554	0.0025255111008655453	-5.981311820553831	0.02922371974568938	241.50781338951847	True
20	LO	238	attraction	1.8508095523861194	0.8478046240988544	0.0010000000000000002	847.8046240988542	6.7426502131368	0.03212952999028662	240.78491163288126	True
20	VO	68	suppression	2.9716965574159473	0.0010000000000000002	0.20161063457320996	0.004960055813111757	-5.306338285665112	0.012086321217252949	118.9895243143924	True
20	VO	68	attraction	7.999999999999998	1.9668508933179856	0.0010000000000000002	1966.850893317985	7.58418901140698	0.01980370878784965	118.06000152743538	True
21	V1	423	suppression	1.9300148864581752	0.2614398734923791	0.0010000000000000002	261.4398734923791	5.566204327783742	0.004693489842303222	125.031228943809	True
21	V1	423	attraction	2.193102057044048	0.0010000000000000002	0.31152909866669665	0.00320997301465535	-5.741492748524973	0.004333991727590192	125.07638939501356	True
21	V2	413	suppression	7.999999999999998	0.251844753487147	0.0010000000000000002	251.84475348714696	5.528812840079286	0.0009910104996413427	100.30271238082366	True
21	V2	413	attraction	0.5405501067350663	0.5027647526577966	0.0010000000000000002	502.7647526577965	6.220122372146248	0.000669377695149298	100.33500502585515	True
21	V3	422	suppression	2.248323309839856	0.22601433642728447	0.0010000000000000002	226.0143364272844	5.420598432779296	0.007577162203406984	131.29133388714257	True
21	V3	422	attraction	2.246045791305858	0.0010000000000000002	0.28372928706451866	0.0035244863522763694	-5.648020569001742	0.007439713917975266	131.3095174355733	True
21	V3AB	196	suppression	1.8378842030830227	0.3548794521251843	0.0010000000000000002	354.87945212518423	5.871778160329612	0.018276361084395676	181.30192847906693	True
21	V3AB	196	attraction	1.8896337399332512	0.0010000000000000002	0.42934227353285603	0.0023291440457783707	-6.062254441225478	0.017503795840887904	181.44460363017015	True
21	hV4	191	suppression	7.999999999999998	0.0010000000000000002	0.13121116230092328	0.007621302810400938	-4.876807951404151	0.0016609040419787169	127.4250481715319	True
21	hV4	191	attraction	7.999999999999998	0.6396685415999297	0.0010000000000000002	639.6685415999295	6.4609501384451375	0.003601894108513415	127.17730594273407	True
21	LO	420	suppression	2.4647682062898544	0.19508315901343615	0.0010000000000000002	195.0831590134361	5.273425924136186	0.009488998586708597	209.4069248039715	True
21	LO	420	attraction	2.23651290767004	0.0010000000000000002	0.23994095674459853	0.004167691975423916	-5.480392879511517	0.009057985398554402	209.498046604893	True
21	TO	167	suppression	2.281539198981078	0.19086305074345608	0.0010000000000000002	190.86305074345603	5.251556159056353	0.006649134990116656	132.8653169809245	True
21	TO	167	attraction	2.0413016109498883	0.0010000000000000002	0.22504056397520789	0.004443643325165891	-5.416280670289409	0.006107239879479698	132.9377979825336	True
21	VO	60	suppression	2.077112979514114	0.49934038187896773	0.0010000000000000002	499.3403818789676	6.213287991221912	0.04291813494046215	86.40606419672798	True
21	VO	60	attraction	1.8260721889059168	0.0010000000000000002	0.8179413359951914	0.0012225815666636992	-6.7067906176437075	0.04131995629541585	86.55034895610237	True
22	V1	79	suppression	1.9841734291572595	0.5602699150227213	0.0010000000000000002	560.2699150227212	6.328418658720792	0.051665704005864455	27.174835247305076	True
22	V1	79	attraction	2.1101574628604443	0.0010000000000000002	0.9578721119483988	0.0010439807021481286	-6.864714274224975	0.04872984787035417	27.258963183128223	True
22	V2	82	suppression	2.9944636088617274	0.39908576444418953	0.0010000000000000002	399.0857644441894	5.989176342273426	0.021392362893249306	31.46350834534974	True
22	V2	82	attraction	2.356435559972799	0.0010000000000000002	0.6568803399834859	0.0015223472817364886	-6.4875018709736025	0.019539973079120032	31.52306508715897	True
22	V3	115	suppression	2.2110899881273562	0.37337857832299665	0.0010000000000000002	373.37857832299653	5.922592860214479	0.020498203142381377	55.396230072244435	True
22	V3	115	attraction	2.297913645475816	0.0010000000000000002	0.5749092041421803	0.0017394050970050065	-6.3542121224892245	0.020389296275366786	55.402389356363095	True
22	hV4	186	suppression	0.5	1.767325339021971	0.0010000000000000002	1767.3253390219706	7.477222574795661	0.006762686373242621	117.28265081575918	True
22	hV4	186	attraction	2.1437539699914434	0.0010000000000000002	0.23329246763196987	0.004286465011710316	-5.452292892316589	0.0040152691412616015	117.60706913094214	True
22	LO	137	suppression	2.0755772687543286	0.12053704199015858	0.0010000000000000002	120.53704199015854	4.791957108100225	0.0020061220561262694	125.87085783837693	True
22	LO	137	attraction	2.0931628919424217	0.0010000000000000002	0.125543937191665	0.007965338847652385	-4.8326557944468735	0.0019005322907507116	125.88417522903482	True
22	TO	40	suppression	0.9898603047292382	0.7894502970510421	0.0010000000000000002	789.4502970510418	6.671336876743768	0.014581272234984621	34.99200815980067	True
22	TO	40	attraction	1.4699460243288072	0.0010000000000000002	0.3751157590994843	0.0026658437448766063	-5.927234669267126	0.01060334728836132	35.13326342344582	True
23	V1	363	suppression	3.2601718766855425	0.0010000000000000002	0.13257710155333838	0.007542780678439259	-4.887164374704746	0.0019549609018624237	152.41994194602194	True
23	V1	363	attraction	7.999999999999998	1.1473541756219916	0.0010000000000000002	1147.3541756219913	7.0452138537913624	0.004000585392950673	152.1075372408627	True
23	V2	478	suppression	3.8300946696411966	0.12538346522618118	0.0010000000000000002	125.38346522618116	4.831376763254472	0.0018550055347735794	133.77218861594645	True
23	V2	478	attraction	2.6920550548097335	0.0010000000000000002	0.12079803462936142	0.008278280379877457	-4.794120015743871	0.0015420566725848905	133.81413027217073	True
23	V3	513	suppression	1.7003268053173402	0.31781486397922365	0.0010000000000000002	317.81486397922356	5.7614690244979245	0.010365840530748294	199.19044406902267	True
23	V3	513	attraction	2.1830329713120733	0.0010000000000000002	0.33111878612574647	0.003020064224384532	-5.802477181468991	0.009331499708875923	199.39863292917477	True
23	V3AB	145	suppression	2.034835107977095	0.0010000000000000002	0.21405544364919643	0.004671686844081595	-5.366235063938664	0.009547422170006925	134.6487425817626	True
23	V3AB	145	attraction	1.3642867775813166	0.4147280276589699	0.0010000000000000002	414.7280276589698	6.027622950353089	0.010771552647719118	134.4823261038116	True
23	hV4	204	suppression	2.3425668754329734	0.4693811182706292	0.0010000000000000002	469.3811182706291	6.151415057364213	0.04845065590446329	89.41671506907447	True
23	hV4	204	attraction	2.15963324742621	0.0010000000000000002	0.8224664113519573	0.001215855123318916	-6.712307644543605	0.046821088360464946	89.56984488590598	True
23	LO	404	suppression	1.483300990888051	0.47176328161397385	0.0010000000000000002	471.76328161397373	6.156477337777038	0.02375535114221916	238.42702760816036	True
23	LO	404	attraction	1.7743232453408748	0.0010000000000000002	0.46089001629339604	0.00216971503970139	-6.133159438162705	0.021907337891663436	238.87836560711992	True
23	TO	188	suppression	7.999999999999998	0.336342686126286	0.0010000000000000002	336.3426861262859	5.818130539404765	0.010379996930761526	124.98081950273414	True
23	TO	188	attraction	2.5034895736774554	0.0010000000000000002	0.21938951040884636	0.0045581030658049075	-5.390848736346521	0.008166978233408506	125.2603054564459	True
23	VO	51	suppression	1.9088090956552253	0.5289198415811877	0.0010000000000000002	528.9198415811875	6.270836892174827	0.051929959999069575	37.15659706729018	True
23	VO	51	attraction	1.9632970686332971	0.0010000000000000002	0.7917863003723562	0.0012629670398815016	-6.674291532643538	0.05003949093738225	37.230688003855605	True
24	V1	495	suppression	2.23731925046402	0.10829786418109186	0.0010000000000000002	108.29786418109182	4.684885432492918	0.0008524537728278325	172.11713488146256	True
24	V1	495	attraction	2.3535347030045823	0.0010000000000000002	0.11847572024610649	0.00844054796985177	-4.7747080471439425	0.0008302625606351199	172.12095762803943	True
24	V2	348	suppression	4.925978594019506	0.08794649253474797	0.0010000000000000002	87.94649253474795	4.476728590169432	0.0006333396567878014	78.19762867471624	True
24	V2	348	attraction	3.291753851758649	0.0010000000000000002	0.05496307123162146	0.018194034241388577	-4.006661527568617	0.0004179341608868681	78.21448354855922	True
24	V3	333	suppression	7.999999999999998	0.17527850234625617	0.0010000000000000002	175.27850234625612	5.166376150900275	0.0009468148641165186	87.86598097943767	True
24	V3	333	attraction	7.999999999999998	0.0010000000000000002	0.14862670006796772	0.0067282661832813034	-5.001437793586183	0.0004948233034012262	87.90573329940176	True
24	V3AB	177	suppression	7.999999999999998	0.1934991825931497	0.0010000000000000002	193.49918259314964	5.265273288136106	0.0030750065934879167	95.97680311698525	True
24	V3AB	177	attraction	7.999999999999998	0.0010000000000000002	0.15548387124716448	0.0064315352581513306	-5.046542004356615	0.0014916731772383063	96.1292351259779	True
24	hV4	165	suppression	0.5	1.1279867140332593	0.0010000000000000002	1127.986714033259	7.02818965364933	0.0018487326112499591	85.09412753993621	True
24	hV4	165	attraction	3.128760392317174	0.12615074791047445	0.0010000000000000002	126.15074791047442	4.8374776038088845	0.0016026777466571218	85.11510414409788	True
24	LO	369	suppression	0.8030386393423916	0.29722524713825	0.0010000000000000002	297.2252471382499	5.694490259229669	0.0012774232468111268	143.8350514076808	True
24	LO	369	attraction	0.8981371923267919	0.0010000000000000002	0.11713699304038765	0.008537012723685082	-4.763344130538646	0.0005529220156408332	143.9393933683573	True
24	TO	237	suppression	2.3789989977663715	0.0010000000000000002	0.1641402889783966	0.006092349454384204	-5.100721482760492	0.008914880792541546	151.46745697046626	True
24	TO	237	attraction	7.999999999999998	0.6015398484981193	0.0010000000000000002	601.5398484981191	6.399492781762572	0.009791604979255242	151.33346728537018	True
24	VO	78	suppression	3.328872721161569	0.33664849975484307	0.0010000000000000002	336.648499754843	5.819039358587013	0.046347301029268095	40.96458244202769	True
24	VO	78	attraction	2.1899320025896434	0.0010000000000000002	0.5553560945680432	0.00180064648570716	-6.319609519835875	0.04297096006897494	41.10961469304486	True
25	V1	52	suppression	7.999999999999998	0.641161717799059	0.0010000000000000002	641.1617177990588	6.463281714959062	0.026728510391526017	12.865482363281076	True
25	V1	52	attraction	2.4781770526178337	0.0010000000000000002	0.769408374062381	0.0012996999171195967	-6.645621874145606	0.024333960446253133	12.897135443041272	True
25	V2	49	suppression	0.5008943989994	2.0	0.0010000000000000002	1999.9999999999995	7.600902459542082	0.007223018384116986	21.446502554239142	True
25	V2	49	attraction	0.5	0.0010000000000000002	1.199080940929099	0.0008339720579873095	-7.089310659779125	0.0033288456851631176	21.530626568273824	True
25	V3	65	suppression	2.5298735073791154	0.0010000000000000002	0.37733322714368794	0.0026501774242616636	-5.933128688673657	0.05218379773152515	35.97947601904458	True
25	V3	65	attraction	3.0339061728292163	0.7302130521638571	0.0010000000000000002	730.2130521638569	6.593336343841101	0.0580450781946662	35.75697950615553	True
25	hV4	49	suppression	2.5010955975525384	0.0010000000000000002	0.3767263765504205	0.0026544464689643565	-5.931519132290297	0.03381414662582505	23.900479199212946	True
25	hV4	49	attraction	5.6759395416156035	2.0	0.0010000000000000002	1999.9999999999995	7.600902459542082	0.03723600652164949	23.815832864372542	True
25	TO	73	suppression	2.7380677072560475	0.0010000000000000002	0.1505879814881278	0.006640636192330124	-5.01454750798557	0.006271437274338876	70.79915188282686	True
25	TO	73	attraction	3.030721329373463	0.19147587477835248	0.0010000000000000002	191.47587477835245	5.25476182041482	0.006566837705282658	70.7781057936219	True
26	V1	563	suppression	3.5421563976880637	0.27639290196242244	0.0010000000000000002	276.3929019624224	5.621823411254155	0.006359095047727248	203.34177656593465	True
26	V1	563	attraction	2.662998545270218	0.0010000000000000002	0.3707827371257181	0.0026969971896532467	-5.915616276852063	0.005732959363725643	203.4699109268709	True
26	V2	418	suppression	7.999999999999998	0.5109313036604411	0.0010000000000000002	510.931303660441	6.236235146059727	0.008510559425400466	117.66562807813206	True
26	V2	418	attraction	3.0939677311701965	0.0010000000000000002	0.3263846279158892	0.003063869785735451	-5.788076526134979	0.005298817293895697	118.0467835798079	True
26	V3	359	suppression	7.999999999999998	0.3983795746674611	0.0010000000000000002	398.379574667461	5.987405255991206	0.005448671317290432	138.51936323305137	True
26	V3	359	attraction	3.304744577111336	0.0010000000000000002	0.20099251936298557	0.004975309544700192	-5.303267690266928	0.003222643429825367	138.82940048966947	True
26	V3AB	69	suppression	1.8583461146596258	0.0010000000000000002	0.19956600929826784	0.005010873362233836	-5.2961450552788225	0.0076625604181777	47.88871868860224	True
26	V3AB	69	attraction	1.1149738824806148	0.6274126557820795	0.0010000000000000002	627.4126557820794	6.441604467344777	0.011202293005727393	47.717896495105755	True
26	hV4	201	suppression	7.999999999999998	0.4433862596790953	0.0010000000000000002	443.3862596790952	6.09444130815694	0.01004045290511324	91.86646875554021	True
26	hV4	201	attraction	7.138357389867668	0.0010000000000000002	2.0	0.0005000000000000001	-7.600902459542082	0.005769206655213188	92.2628327396193	True
26	LO	178	suppression	0.5	1.2225217060449731	0.0010000000000000002	1222.521706044973	7.108670976647411	0.0034939782567831035	70.95512718105114	True
26	LO	178	attraction	2.494573076171081	0.18362737681529023	0.0010000000000000002	183.62737681529018	5.212908578264812	0.0032563124046185443	70.97204991949826	True
26	TO	192	suppression	2.0958175292025336	0.0010000000000000002	0.22334397819404928	0.004477398531565352	-5.408713086136475	0.010007309489908134	72.46533934334917	True
26	TO	192	attraction	1.8637567588221335	0.3179795776578422	0.0010000000000000002	317.9795776578421	5.761987159516153	0.010407056697998018	72.43607870600965	True
27	V1	489	suppression	0.5	0.0010000000000000002	0.4208329604275494	0.002376239729378707	-6.042235986368259	0.0009822511922530364	157.38893263584737	True
27	V1	489	attraction	0.5	1.3692874612675576	0.0010000000000000002	1369.2874612675573	7.222045782258037	0.002785134744451634	157.104899726236	True
27	V2	415	suppression	2.4030650447501496	0.0010000000000000002	0.4133240903196489	0.0024194089418466723	-6.0242320075510545	0.022021758324136664	135.57655119977565	True
27	V2	415	attraction	1.8413561663037914	0.9427346593295586	0.0010000000000000002	942.7346593295583	6.848784863748907	0.02466702305335844	135.20983969872657	True
27	V3	416	suppression	3.354400993502381	0.0010000000000000002	0.08800568174156845	0.011362902715037568	-4.477401377639056	0.001135258076727319	161.1023484839602	True
27	V3	416	attraction	5.574764404241042	0.21949930042151908	0.0010000000000000002	219.49930042151902	5.391349045364448	0.0015544559728888352	161.0347379630191	True
27	V3AB	88	suppression	7.999999999999998	0.10959810745004096	0.0010000000000000002	109.59810745004094	4.696820106573228	0.0002888125418675225	117.77767027886279	True
27	V3AB	88	attraction	0.5	0.6559047250229018	0.0010000000000000002	655.9047250229016	6.4860155421507075	0.0006774884269393766	117.73187971373594	True
27	hV4	75	suppression	3.5583458856882575	0.3244322479295237	0.0010000000000000002	324.4322479295236	5.782076725221468	0.009893158965728621	76.90795965922142	True
27	hV4	75	attraction	2.555174269039637	0.0010000000000000002	0.5344984893010732	0.0018709126779902245	-6.28132890408332	0.009821740561561487	76.91350718552765	True
27	LO	172	suppression	0.5	0.0010000000000000002	0.1306449849474108	0.007654331319357841	-4.872483605829276	3.006533943650247e-05	193.5208235197329	True
27	LO	172	attraction	0.5	0.21887633246107646	0.0010000000000000002	218.8763324610764	5.388506878359394	4.97483377248642e-05	193.51701433517036	True
27	TO	87	suppression	0.5174777338811006	2.0	0.0010000000000000002	1999.9999999999995	7.600902459542082	0.006977519648704966	152.49783908208656	True
27	TO	87	attraction	1.2975637341285378	0.0010000000000000002	0.3092868045914964	0.003233244953080984	-5.734269016613157	0.004524590662258521	152.87453384706566	True
28	V1	200	suppression	0.936535783644087	0.2981893194628866	0.0010000000000000002	298.18931946288654	5.697728584998684	0.0017948660245604708	85.45710132813754	True
28	V1	200	attraction	7.999999999999998	0.43713651291097505	0.0010000000000000002	437.13651291097494	6.080245532837049	0.002076353037612444	85.43300301068936	True
28	V2	210	suppression	0.5	1.128152110680077	0.0010000000000000002	1128.1521106800767	7.028336272860259	0.004395314371147263	109.8586966534597	True
28	V2	210	attraction	1.7989639096423191	0.0010000000000000002	0.15773328392431865	0.00633981601803083	-5.060905530192108	0.003331781383313026	109.97605080976084	True
28	V3	93	suppression	1.8058953425693993	0.30565752099141086	0.0010000000000000002	305.65752099141076	5.722465262720046	0.010062741391286045	59.203863641718186	True
28	V3	93	attraction	2.0658290939164496	0.0010000000000000002	0.3362417593743591	0.0029740505815241034	-5.817830423178886	0.009709681457819475	59.22497862852825	True
28	V3AB	88	suppression	0.9801732941963208	0.6240424195140594	0.0010000000000000002	624.0424195140592	6.4362183460493725	0.009976349881639202	106.43406870910479	True
28	V3AB	88	attraction	1.68132680714286	0.0010000000000000002	0.28211502012514983	0.003544653523078592	-5.64231486056484	0.008524148632143236	106.59018991646163	True
28	LO	45	suppression	2.619222635551515	0.4634528594233108	0.0010000000000000002	463.4528594233107	6.138704674166463	0.043945263400723356	57.183336533614856	True
28	LO	45	attraction	2.001171360194894	0.0010000000000000002	0.9252488452505069	0.001080790324822567	-6.830062723224964	0.04174153222767241	57.315145619929766	True
28	TO	75	suppression	1.7667132727278132	0.8213504942267411	0.0010000000000000002	821.3504942267409	6.710949929711921	0.18000962434125822	69.30098933761512	True
28	TO	75	attraction	1.764934546100767	0.0010000000000000002	1.5355239782048855	0.0006512434935526418	-7.336626955652721	0.17769314068915876	69.4967655487029	True
29	V1	259	suppression	1.6079732504110302	0.24159347462201683	0.0010000000000000002	241.59347462201677	5.487256456681078	0.004401912355746274	59.909817625737126	True
29	V1	259	attraction	1.9367609514546642	0.0010000000000000002	0.1990521805034674	0.005023808317350137	-5.293567003937782	0.003227337340144909	59.980497326557895	True
29	V2	319	suppression	1.3526388847922246	0.2053954384330413	0.0010000000000000002	205.39543843304125	5.32493708903481	0.002459602831904273	74.88367414418813	True
29	V2	319	attraction	1.8143862905452184	0.0010000000000000002	0.12295066684692828	0.008133343442902877	-4.811783192372001	0.0014831680863670593	74.95697345268276	True
29	V3	342	suppression	1.3851679016034963	0.22661735965623497	0.0010000000000000002	226.61735965623492	5.423262954910383	0.0031376992542634374	129.63356453447338	True
29	V3	342	attraction	1.9396949284789724	0.0010000000000000002	0.15216660591283193	0.00657174413532524	-5.024976012108336	0.002262003063134066	129.7474414647379	True
29	V3AB	113	suppression	2.4403759494012145	0.0010000000000000002	0.28552511963413474	0.0035023188197289856	-5.6543300099336395	0.022829359019940987	83.60846557471484	True
29	V3AB	113	attraction	3.409173712249737	0.4435914391547649	0.0010000000000000002	443.59143915476477	6.094903956720931	0.023687011862606577	83.53508326546009	True
29	hV4	184	suppression	0.7619604785573415	0.8499979301550211	0.0010000000000000002	849.9979301550209	6.745233914369657	0.003971873542060078	89.94565421131401	True
29	hV4	184	attraction	7.999999999999998	0.9723672494292999	0.0010000000000000002	972.3672494292996	6.8797335617321425	0.003793629438735069	89.96175042592583	True
29	LO	313	suppression	0.5	0.9119137444850186	0.0010000000000000002	911.9137444850184	6.815545407185961	0.0018855164161366567	132.3572599667287	True
29	LO	313	attraction	7.999999999999998	0.2221990401169605	0.0010000000000000002	222.19904011696045	5.40357355729053	0.0013029835013661506	132.43450807975336	True
29	TO	126	suppression	0.5	1.5054548717963223	0.0010000000000000002	1505.4548717963219	7.316850371913776	0.004986276491562913	100.19456378083684	True
29	TO	126	attraction	0.5	0.0010000000000000002	1.1134775241952484	0.0008980872790609199	-7.015243301666807	0.0033834547917569457	100.35596258090993	True
30	V1	501	suppression	2.40392740839936	0.0010000000000000002	0.21124192373832795	0.00473390879188703	-5.353004034681983	0.004918597034099137	89.44758620748937	True
30	V1	501	attraction	0.5	1.7061102918032711	0.0010000000000000002	1706.1102918032707	7.441971375319079	0.009679092108760279	89.0196666500422	True
30	V2	471	suppression	2.454090013458309	0.0010000000000000002	0.1747442565462964	0.005722648742592934	-5.1633235138859375	0.003994721965966619	96.75436517224497	True
30	V2	471	attraction	2.374126322268476	0.22242961841389997	0.0010000000000000002	222.4296184138999	5.404610729830741	0.004057685907600472	96.74824870244719	True
30	V3	439	suppression	2.5123687434859634	0.0010000000000000002	0.1035505384225975	0.009657120235521378	-4.640059787466872	0.0015859990446273065	126.11165911801135	True
30	V3	439	attraction	0.5	1.3426067906422534	0.0010000000000000002	1342.6067906422531	7.202368369321634	0.0038031255968276056	125.83160945153529	True
30	V3AB	186	suppression	1.0883522879000165	0.0010000000000000002	0.25047648433024394	0.003992390753463057	-5.523365041189226	0.003943110825145424	87.77253063174089	True
30	V3AB	186	attraction	0.8119300168861942	0.9671391925755443	0.0010000000000000002	967.139192575544	6.87434242777866	0.00884462369932082	87.34060932928716	True
30	hV4	290	suppression	7.999999999999998	0.33912409056715054	0.0010000000000000002	339.12409056715046	5.826366089271557	0.004925842928017232	123.99784180319621	True
30	hV4	290	attraction	3.3303328413072646	0.0010000000000000002	0.15552279609777872	0.006429925548479018	-5.0467923195742905	0.0028061329258660672	124.26198238372218	True
30	LO	377	suppression	1.2008922752453723	0.0010000000000000002	0.14526483207174037	0.006883978632255198	-4.978558504609887	0.0015931430513626	94.51155372348904	True
30	LO	377	attraction	0.9636981214716264	0.4769582925978523	0.0010000000000000002	476.95829259785216	6.167429050163735	0.0037129907612275526	94.31088392708077	True
30	TO	101	suppression	4.083038934356841	0.1900559626040805	0.0010000000000000002	190.05596260408046	5.247318568813566	0.006129891094693862	28.214168329990134	True
30	TO	101	attraction	0.5716355518035476	2.0	0.0010000000000000002	1999.9999999999995	7.600902459542082	0.010536677385035387	28.089067666356193	True
30	VO	71	suppression	5.261245729011109	0.5681959255155539	0.0010000000000000002	568.1959255155538	6.342466298531219	0.036143728840294265	36.52836467434148	True
30	VO	71	attraction	2.5281437659778128	0.0010000000000000002	1.1000999232358142	0.0009090083354052223	-7.003156293966107	0.030457053002319268	36.74387913952661	True
